{"seed2_crea00073": {"speed_no_obs": 2.4227324983074894, "speed_obs": 0.7328091441380393, "robustness_obstacles": 1.0000000000000004, "robustness_moving_obstacles1": 0.8600000000000004, "robustness_moving_obstacles2": 0.18}, "seed2_crea00075": {"speed_no_obs": 2.6501915269856173, "speed_obs": 0.0, "robustness_obstacles": 0, "robustness_moving_obstacles1": 0, "robustness_moving_obstacles2": 0}, "seed2_crea00080": {"speed_no_obs": 2.3067652267583996, "speed_obs": 0.35051679002873665, "robustness_obstacles": 1.0000000000000004, "robustness_moving_obstacles1": 0.8600000000000004, "robustness_moving_obstacles2": 0.1}, "seed2_crea00069": {"speed_no_obs": 2.9738801552300402, "speed_obs": 0.0, "robustness_obstacles": 0, "robustness_moving_obstacles1": 0, "robustness_moving_obstacles2": 0}, "seed2_crea00059": {"speed_no_obs": 2.4476287065561158, "speed_obs": 0.0, "robustness_obstacles": 0, "robustness_moving_obstacles1": 0, "robustness_moving_obstacles2": 0}, "seed2_crea00130": {"speed_no_obs": 2.6250460262716406, "speed_obs": 0.037125446877762085, "robustness_obstacles": 0.8800000000000004, "robustness_moving_obstacles1": 0.1, "robustness_moving_obstacles2": 0.1}, "seed2_crea00158": {"speed_no_obs": 2.306877712500226, "speed_obs": 0.002281586894348453, "robustness_obstacles": 0.9800000000000005, "robustness_moving_obstacles1": 0.04, "robustness_moving_obstacles2": 0.06}, "seed2_crea00070": {"speed_no_obs": 3.291188766001901, "speed_obs": 0.0, "robustness_obstacles": 0, "robustness_moving_obstacles1": 0, "robustness_moving_obstacles2": 0.04}, "seed2_crea00134": {"speed_no_obs": 2.391357169916469, "speed_obs": 0.0, "robustness_obstacles": 0, "robustness_moving_obstacles1": 0, "robustness_moving_obstacles2": 0}, "seed2_crea00115": {"speed_no_obs": 2.1125645831116633, "speed_obs": 0.03555812567564097, "robustness_obstacles": 0.9600000000000005, "robustness_moving_obstacles1": 0.4000000000000001, "robustness_moving_obstacles2": 0.02}, "seed2_crea00054": {"speed_no_obs": 2.764210499219787, "speed_obs": 0.0, "robustness_obstacles": 0, "robustness_moving_obstacles1": 0.02, "robustness_moving_obstacles2": 0.1}, "seed2_crea00082": {"speed_no_obs": 2.4751141014992784, "speed_obs": 0.001835488944863775, "robustness_obstacles": 0.9600000000000005, "robustness_moving_obstacles1": 0.14, "robustness_moving_obstacles2": 0.04}, "seed2_crea00113": {"speed_no_obs": 0.0154817886497023, "speed_obs": 0.015459540318291191, "robustness_obstacles": 1.0000000000000004, "robustness_moving_obstacles1": 0.04, "robustness_moving_obstacles2": 0.18}, "seed2_crea00047": {"speed_no_obs": 2.38188388725608, "speed_obs": 0.0, "robustness_obstacles": 0, "robustness_moving_obstacles1": 0, "robustness_moving_obstacles2": 0.02}, "seed2_crea00124": {"speed_no_obs": 2.786157757858752, "speed_obs": 0.0015585296190330955, "robustness_obstacles": 0.9800000000000005, "robustness_moving_obstacles1": 0.4400000000000001, "robustness_moving_obstacles2": 0.08}, "seed2_crea00067": {"speed_no_obs": 2.514508538873296, "speed_obs": 0.0, "robustness_obstacles": 0, "robustness_moving_obstacles1": 0, "robustness_moving_obstacles2": 0}, "seed2_crea00140": {"speed_no_obs": 0.0004329735536772413, "speed_obs": 0.00042833026093371353, "robustness_obstacles": 1.0000000000000004, "robustness_moving_obstacles1": 0.9600000000000005, "robustness_moving_obstacles2": 0.27999999999999997}, "seed2_crea00018": {"speed_no_obs": 0.07122695211704692, "speed_obs": 0.0855595669193743, "robustness_obstacles": 1.0000000000000004, "robustness_moving_obstacles1": 0.18, "robustness_moving_obstacles2": 0.08}, "seed2_crea00050": {"speed_no_obs": 2.4936473957393432, "speed_obs": 0.05034376265211372, "robustness_obstacles": 0.02, "robustness_moving_obstacles1": 0, "robustness_moving_obstacles2": 0.08}, "seed2_crea00043": {"speed_no_obs": 1.336960332098608, "speed_obs": 0.0, "robustness_obstacles": 0, "robustness_moving_obstacles1": 0, "robustness_moving_obstacles2": 0}, "seed2_crea00135": {"speed_no_obs": 3.117538666211299, "speed_obs": 0.0, "robustness_obstacles": 0, "robustness_moving_obstacles1": 0, "robustness_moving_obstacles2": 0}, "seed2_crea00095": {"speed_no_obs": 2.9574352596256204, "speed_obs": 0.0, "robustness_obstacles": 0, "robustness_moving_obstacles1": 0, "robustness_moving_obstacles2": 0}, "seed2_crea00060": {"speed_no_obs": 2.2431857711094385, "speed_obs": 0.0, "robustness_obstacles": 0, "robustness_moving_obstacles1": 0, "robustness_moving_obstacles2": 0}, "seed2_crea00104": {"speed_no_obs": 2.7101553696675174, "speed_obs": 0.0, "robustness_obstacles": 0, "robustness_moving_obstacles1": 0, "robustness_moving_obstacles2": 0}, "seed2_crea00042": {"speed_no_obs": 1.0483288797686505, "speed_obs": 0.017615472367309083, "robustness_obstacles": 0.02, "robustness_moving_obstacles1": 0, "robustness_moving_obstacles2": 0}, "seed2_crea00077": {"speed_no_obs": 2.2396342506291997, "speed_obs": 0.00513816843177615, "robustness_obstacles": 1.0000000000000004, "robustness_moving_obstacles1": 0.8000000000000004, "robustness_moving_obstacles2": 0.06}, "seed2_crea00062": {"speed_no_obs": 3.1576665323887125, "speed_obs": 0.0, "robustness_obstacles": 0, "robustness_moving_obstacles1": 0, "robustness_moving_obstacles2": 0.02}, "seed2_crea00094": {"speed_no_obs": 3.0443019326060297, "speed_obs": 0.0, "robustness_obstacles": 0, "robustness_moving_obstacles1": 0, "robustness_moving_obstacles2": 0.02}, "seed2_crea00091": {"speed_no_obs": 2.9953553556658443, "speed_obs": 0.0, "robustness_obstacles": 0, "robustness_moving_obstacles1": 0, "robustness_moving_obstacles2": 0}, "seed2_crea00057": {"speed_no_obs": 2.8937484051106823, "speed_obs": 0.0, "robustness_obstacles": 0, "robustness_moving_obstacles1": 0, "robustness_moving_obstacles2": 0}, "seed2_crea00041": {"speed_no_obs": 0.7587621622814145, "speed_obs": 0.0, "robustness_obstacles": 0, "robustness_moving_obstacles1": 0, "robustness_moving_obstacles2": 0.08}, "seed2_crea00040": {"speed_no_obs": 0.44939698646966075, "speed_obs": 0.3004919804082454, "robustness_obstacles": 0.9800000000000005, "robustness_moving_obstacles1": 0, "robustness_moving_obstacles2": 0}, "seed2_crea00128": {"speed_no_obs": 3.077816762350437, "speed_obs": 0.0, "robustness_obstacles": 0, "robustness_moving_obstacles1": 0, "robustness_moving_obstacles2": 0}, "seed2_crea00101": {"speed_no_obs": 0.7408573749773093, "speed_obs": 0.06825071114782572, "robustness_obstacles": 1.0000000000000004, "robustness_moving_obstacles1": 0.04, "robustness_moving_obstacles2": 0.06}, "seed2_crea00072": {"speed_no_obs": 3.4438745538169058, "speed_obs": 0.0, "robustness_obstacles": 0, "robustness_moving_obstacles1": 0, "robustness_moving_obstacles2": 0}, "seed2_crea00118": {"speed_no_obs": 2.912788657919591, "speed_obs": 0.0, "robustness_obstacles": 0, "robustness_moving_obstacles1": 0, "robustness_moving_obstacles2": 0}, "seed2_crea00044": {"speed_no_obs": 1.6586585518246144, "speed_obs": 0.0, "robustness_obstacles": 0, "robustness_moving_obstacles1": 0, "robustness_moving_obstacles2": 0}, "seed2_crea00045": {"speed_no_obs": 1.9743739043904882, "speed_obs": 0.0, "robustness_obstacles": 0, "robustness_moving_obstacles1": 0, "robustness_moving_obstacles2": 0.04}, "seed2_crea00119": {"speed_no_obs": 1.72124327858618, "speed_obs": 0.0008559127490503405, "robustness_obstacles": 0.02, "robustness_moving_obstacles1": 0, "robustness_moving_obstacles2": 0}, "seed2_crea00051": {"speed_no_obs": 2.2813432354392544, "speed_obs": 0.0, "robustness_obstacles": 0, "robustness_moving_obstacles1": 0, "robustness_moving_obstacles2": 0}}