{"seed8_crea00074": {"speed_no_obs": 2.0572851862085, "speed_obs": 0.00105434089612284, "robustness_obstacles": 0.14, "robustness_moving_obstacles1": 0, "robustness_moving_obstacles2": 0}, "seed8_crea00117": {"speed_no_obs": 3.0046370937753104, "speed_obs": 0.0, "robustness_obstacles": 0, "robustness_moving_obstacles1": 0, "robustness_moving_obstacles2": 0}, "seed8_crea00106": {"speed_no_obs": 2.079408628234615, "speed_obs": 0.019612818618359527, "robustness_obstacles": 0.48000000000000015, "robustness_moving_obstacles1": 0, "robustness_moving_obstacles2": 0.02}, "seed8_crea00137": {"speed_no_obs": 2.335643623712183, "speed_obs": 0.0, "robustness_obstacles": 0, "robustness_moving_obstacles1": 0, "robustness_moving_obstacles2": 0}, "seed8_crea00041": {"speed_no_obs": 0.7476037045519025, "speed_obs": 0.10212258309512745, "robustness_obstacles": 1.0000000000000004, "robustness_moving_obstacles1": 0.18, "robustness_moving_obstacles2": 0.25999999999999995}, "seed8_crea00040": {"speed_no_obs": 0.5303019176267283, "speed_obs": 0.13731290351857767, "robustness_obstacles": 1.0000000000000004, "robustness_moving_obstacles1": 0.02, "robustness_moving_obstacles2": 0.19999999999999998}, "seed8_crea00121": {"speed_no_obs": 3.117365046513246, "speed_obs": 0.0, "robustness_obstacles": 0, "robustness_moving_obstacles1": 0, "robustness_moving_obstacles2": 0}, "seed8_crea00151": {"speed_no_obs": 2.70127016956385, "speed_obs": 0.0005150769199548203, "robustness_obstacles": 0.12000000000000001, "robustness_moving_obstacles1": 0, "robustness_moving_obstacles2": 0}, "seed8_crea00060": {"speed_no_obs": 2.967117201301138, "speed_obs": 0.0, "robustness_obstacles": 0, "robustness_moving_obstacles1": 0, "robustness_moving_obstacles2": 0}, "seed8_crea00142": {"speed_no_obs": 2.514628955692008, "speed_obs": 8.112892337225754e-06, "robustness_obstacles": 0.02, "robustness_moving_obstacles1": 0, "robustness_moving_obstacles2": 0}, "seed8_crea00115": {"speed_no_obs": 2.794242954337292, "speed_obs": 0.0, "robustness_obstacles": 0, "robustness_moving_obstacles1": 0, "robustness_moving_obstacles2": 0}, "seed8_crea00067": {"speed_no_obs": 3.0790411663835244, "speed_obs": 0.0, "robustness_obstacles": 0, "robustness_moving_obstacles1": 0, "robustness_moving_obstacles2": 0}, "seed8_crea00096": {"speed_no_obs": 2.7605438255758714, "speed_obs": 0.0, "robustness_obstacles": 0, "robustness_moving_obstacles1": 0, "robustness_moving_obstacles2": 0}, "seed8_crea00079": {"speed_no_obs": 3.242684502648616, "speed_obs": 0.0, "robustness_obstacles": 0, "robustness_moving_obstacles1": 0, "robustness_moving_obstacles2": 0}, "seed8_crea00128": {"speed_no_obs": 2.1030345060540734, "speed_obs": 0.01734754712558193, "robustness_obstacles": 0.6600000000000003, "robustness_moving_obstacles1": 0.06, "robustness_moving_obstacles2": 0}, "seed8_crea00102": {"speed_no_obs": 2.9893088113817585, "speed_obs": 0.0, "robustness_obstacles": 0, "robustness_moving_obstacles1": 0, "robustness_moving_obstacles2": 0}, "seed8_crea00159": {"speed_no_obs": 3.737341077243671, "speed_obs": 0.0, "robustness_obstacles": 0, "robustness_moving_obstacles1": 0, "robustness_moving_obstacles2": 0.04}, "seed8_crea00047": {"speed_no_obs": 2.5257291402604305, "speed_obs": 0.05053442305894906, "robustness_obstacles": 0.02, "robustness_moving_obstacles1": 0, "robustness_moving_obstacles2": 0.02}, "seed8_crea00114": {"speed_no_obs": 3.69747468642851, "speed_obs": 0.0, "robustness_obstacles": 0, "robustness_moving_obstacles1": 0.02, "robustness_moving_obstacles2": 0}, "seed8_crea00065": {"speed_no_obs": 2.5682575372337237, "speed_obs": 0.0, "robustness_obstacles": 0, "robustness_moving_obstacles1": 0, "robustness_moving_obstacles2": 0}, "seed8_crea00126": {"speed_no_obs": 2.13357925408838, "speed_obs": 0.000289283011035285, "robustness_obstacles": 0.08, "robustness_moving_obstacles1": 0, "robustness_moving_obstacles2": 0.02}, "seed8_crea00095": {"speed_no_obs": 3.561056592321664, "speed_obs": 0.0, "robustness_obstacles": 0, "robustness_moving_obstacles1": 0, "robustness_moving_obstacles2": 0.04}, "seed8_crea00158": {"speed_no_obs": 2.6087099048376263, "speed_obs": 0.0016597103507107432, "robustness_obstacles": 0.5600000000000002, "robustness_moving_obstacles1": 0, "robustness_moving_obstacles2": 0.02}, "seed8_crea00129": {"speed_no_obs": 2.7546591286096658, "speed_obs": 0.0, "robustness_obstacles": 0, "robustness_moving_obstacles1": 0, "robustness_moving_obstacles2": 0}, "seed8_crea00026": {"speed_no_obs": 0.0004772575033538175, "speed_obs": 0.00041714663674155284, "robustness_obstacles": 1.0000000000000004, "robustness_moving_obstacles1": 0.18, "robustness_moving_obstacles2": 0.25999999999999995}, "seed8_crea00062": {"speed_no_obs": 3.4920138772994087, "speed_obs": 0.0, "robustness_obstacles": 0, "robustness_moving_obstacles1": 0, "robustness_moving_obstacles2": 0}, "seed8_crea00110": {"speed_no_obs": 3.7181123587718927, "speed_obs": 0.0, "robustness_obstacles": 0, "robustness_moving_obstacles1": 0, "robustness_moving_obstacles2": 0}, "seed8_crea00091": {"speed_no_obs": 3.3575937007807655, "speed_obs": 0.0, "robustness_obstacles": 0, "robustness_moving_obstacles1": 0, "robustness_moving_obstacles2": 0}, "seed8_crea00022": {"speed_no_obs": 0.00016766604029517306, "speed_obs": 0.00015483425336052103, "robustness_obstacles": 1.0000000000000004, "robustness_moving_obstacles1": 0.04, "robustness_moving_obstacles2": 0.21999999999999997}, "seed8_crea00099": {"speed_no_obs": 2.9458236986949156, "speed_obs": 0.0, "robustness_obstacles": 0, "robustness_moving_obstacles1": 0, "robustness_moving_obstacles2": 0}, "seed8_crea00044": {"speed_no_obs": 1.5497004471640006, "speed_obs": 0.043391444321125974, "robustness_obstacles": 1.0000000000000004, "robustness_moving_obstacles1": 0.04, "robustness_moving_obstacles2": 0.16}, "seed8_crea00042": {"speed_no_obs": 1.02218499738134, "speed_obs": 0.054347790249855324, "robustness_obstacles": 1.0000000000000004, "robustness_moving_obstacles1": 0.12000000000000001, "robustness_moving_obstacles2": 0.25999999999999995}, "seed8_crea00050": {"speed_no_obs": 2.929804973453132, "speed_obs": 0.0, "robustness_obstacles": 0, "robustness_moving_obstacles1": 0.02, "robustness_moving_obstacles2": 0.04}, "seed8_crea00097": {"speed_no_obs": 3.4548217976307387, "speed_obs": 2.5880096005514393e-05, "robustness_obstacles": 0.02, "robustness_moving_obstacles1": 0, "robustness_moving_obstacles2": 0}, "seed8_crea00055": {"speed_no_obs": 1.6733191977618707, "speed_obs": 0.030666390431341766, "robustness_obstacles": 0.9800000000000005, "robustness_moving_obstacles1": 0.08, "robustness_moving_obstacles2": 0.1}, "seed8_crea00056": {"speed_no_obs": 3.1595896434257473, "speed_obs": 0.0, "robustness_obstacles": 0, "robustness_moving_obstacles1": 0, "robustness_moving_obstacles2": 0}, "seed8_crea00053": {"speed_no_obs": 3.0397804204113066, "speed_obs": 0.0, "robustness_obstacles": 0, "robustness_moving_obstacles1": 0, "robustness_moving_obstacles2": 0}, "seed8_crea00043": {"speed_no_obs": 1.3562580927821204, "speed_obs": 0.07576143557742705, "robustness_obstacles": 1.0000000000000004, "robustness_moving_obstacles1": 0.16, "robustness_moving_obstacles2": 0.16}, "seed8_crea00059": {"speed_no_obs": 3.503131099074714, "speed_obs": 0.0, "robustness_obstacles": 0, "robustness_moving_obstacles1": 0, "robustness_moving_obstacles2": 0.02}, "seed8_crea00141": {"speed_no_obs": 3.310955858450233, "speed_obs": 0.0, "robustness_obstacles": 0, "robustness_moving_obstacles1": 0, "robustness_moving_obstacles2": 0}}