{"seed1_crea00136": {"speed_no_obs": 2.124131206306398, "speed_obs": 0.15552709062978812, "robustness_obstacles": 0.32, "robustness_moving_obstacles1": 0.04, "robustness_moving_obstacles2": 0}, "seed1_crea00068": {"speed_no_obs": 0.2852692675048233, "speed_obs": 0.27663567294343766, "robustness_obstacles": 1.0000000000000004, "robustness_moving_obstacles1": 0.06, "robustness_moving_obstacles2": 0.02}, "seed1_crea00086": {"speed_no_obs": 0.00021362368719885638, "speed_obs": 0.0001690212727643643, "robustness_obstacles": 0.8200000000000004, "robustness_moving_obstacles1": 0, "robustness_moving_obstacles2": 0.06}, "seed1_crea00089": {"speed_no_obs": 2.7955191114849067, "speed_obs": 0.3519799922293762, "robustness_obstacles": 0.34, "robustness_moving_obstacles1": 0.12000000000000001, "robustness_moving_obstacles2": 0}, "seed1_crea00142": {"speed_no_obs": 2.56324017240361, "speed_obs": 0.739531201705029, "robustness_obstacles": 0.8400000000000004, "robustness_moving_obstacles1": 0.14, "robustness_moving_obstacles2": 0.02}, "seed1_crea00085": {"speed_no_obs": 2.8373713361842516, "speed_obs": 0.987149474351954, "robustness_obstacles": 0.9400000000000005, "robustness_moving_obstacles1": 0.38000000000000006, "robustness_moving_obstacles2": 0.04}, "seed1_crea00095": {"speed_no_obs": 3.0189954408881605, "speed_obs": 0.30236472572392425, "robustness_obstacles": 0.25999999999999995, "robustness_moving_obstacles1": 0.04, "robustness_moving_obstacles2": 0.02}, "seed1_crea00052": {"speed_no_obs": 2.94836592282692, "speed_obs": 0.1565976679716833, "robustness_obstacles": 0.16, "robustness_moving_obstacles1": 0.06, "robustness_moving_obstacles2": 0}, "seed1_crea00100": {"speed_no_obs": 0.9887416726890572, "speed_obs": 0.29002018005199437, "robustness_obstacles": 0.9800000000000005, "robustness_moving_obstacles1": 0.02, "robustness_moving_obstacles2": 0.08}, "seed1_crea00080": {"speed_no_obs": 0.021900993096275648, "speed_obs": 0.035138183341994145, "robustness_obstacles": 0.8600000000000004, "robustness_moving_obstacles1": 0, "robustness_moving_obstacles2": 0.06}, "seed1_crea00079": {"speed_no_obs": 2.2948508892738713, "speed_obs": 0.29731066699345915, "robustness_obstacles": 0.9400000000000005, "robustness_moving_obstacles1": 0.27999999999999997, "robustness_moving_obstacles2": 0}, "seed1_crea00137": {"speed_no_obs": 2.2457951323852505, "speed_obs": 0.4303534576742923, "robustness_obstacles": 0.7400000000000003, "robustness_moving_obstacles1": 0.16, "robustness_moving_obstacles2": 0.04}, "seed1_crea00139": {"speed_no_obs": 2.9791504877710455, "speed_obs": 9.512455036289019e-06, "robustness_obstacles": 0.02, "robustness_moving_obstacles1": 0, "robustness_moving_obstacles2": 0}, "seed1_crea00105": {"speed_no_obs": 1.6804193345081344, "speed_obs": 0.45817809921877556, "robustness_obstacles": 0.9800000000000005, "robustness_moving_obstacles1": 0.02, "robustness_moving_obstacles2": 0.06}, "seed1_crea00069": {"speed_no_obs": 2.0972657981084444, "speed_obs": 0.5031324013465525, "robustness_obstacles": 0.6400000000000002, "robustness_moving_obstacles1": 0.02, "robustness_moving_obstacles2": 0}, "seed1_crea00039": {"speed_no_obs": 0.0013617574063658517, "speed_obs": 0.0012386477923103398, "robustness_obstacles": 1.0000000000000004, "robustness_moving_obstacles1": 0.04, "robustness_moving_obstacles2": 0.08}, "seed1_crea00088": {"speed_no_obs": 0.586196309586687, "speed_obs": 0.04288955023160699, "robustness_obstacles": 0.1, "robustness_moving_obstacles1": 0, "robustness_moving_obstacles2": 0}, "seed1_crea00004": {"speed_no_obs": 0.0004938294235867477, "speed_obs": 0.00047630405509486426, "robustness_obstacles": 1.0000000000000004, "robustness_moving_obstacles1": 0.06, "robustness_moving_obstacles2": 0.1}, "seed1_crea00040": {"speed_no_obs": 0.0726196764177033, "speed_obs": 0.07112027195595631, "robustness_obstacles": 1.0000000000000004, "robustness_moving_obstacles1": 0.16, "robustness_moving_obstacles2": 0.1}, "seed1_crea00124": {"speed_no_obs": 0.9855472224899666, "speed_obs": 0.13616078903264894, "robustness_obstacles": 0.18, "robustness_moving_obstacles1": 0, "robustness_moving_obstacles2": 0}, "seed1_crea00113": {"speed_no_obs": 0.1378168628025616, "speed_obs": 0.15364191582308945, "robustness_obstacles": 0.9600000000000005, "robustness_moving_obstacles1": 0.02, "robustness_moving_obstacles2": 0.02}, "seed1_crea00106": {"speed_no_obs": 1.7207959099027164, "speed_obs": 0.3247893809988246, "robustness_obstacles": 0.7000000000000003, "robustness_moving_obstacles1": 0.12000000000000001, "robustness_moving_obstacles2": 0}, "seed1_crea00103": {"speed_no_obs": 0.9765573932369688, "speed_obs": 0.22388392318898379, "robustness_obstacles": 0.34, "robustness_moving_obstacles1": 0.04, "robustness_moving_obstacles2": 0.02}}