{"seed5_crea00049": {"speed_no_obs": 2.4550409318147355, "speed_obs": 0.08205547583570422, "robustness_obstacles": 0.7200000000000003, "robustness_moving_obstacles1": 0.04, "robustness_moving_obstacles2": 0}, "seed5_crea00046": {"speed_no_obs": 2.272957874596345, "speed_obs": 0.0006691879277166276, "robustness_obstacles": 0.1, "robustness_moving_obstacles1": 0, "robustness_moving_obstacles2": 0.02}, "seed5_crea00100": {"speed_no_obs": 3.2819067393752586, "speed_obs": 0.02340794980128311, "robustness_obstacles": 0.4200000000000001, "robustness_moving_obstacles1": 0.1, "robustness_moving_obstacles2": 0}, "seed5_crea00065": {"speed_no_obs": 2.803848801485197, "speed_obs": 0.07512085011830498, "robustness_obstacles": 0.7200000000000003, "robustness_moving_obstacles1": 0.08, "robustness_moving_obstacles2": 0}, "seed5_crea00051": {"speed_no_obs": 2.559092145974152, "speed_obs": 0.03754188547701956, "robustness_obstacles": 0.7800000000000004, "robustness_moving_obstacles1": 0.02, "robustness_moving_obstacles2": 0}, "seed5_crea00150": {"speed_no_obs": 1.7001250034774515, "speed_obs": 0.0, "robustness_obstacles": 0, "robustness_moving_obstacles1": 0, "robustness_moving_obstacles2": 0}, "seed5_crea00123": {"speed_no_obs": 2.7445175503694976, "speed_obs": 0.07308094687051059, "robustness_obstacles": 0.5200000000000001, "robustness_moving_obstacles1": 0, "robustness_moving_obstacles2": 0}, "seed5_crea00073": {"speed_no_obs": 1.6985002321849498, "speed_obs": 0.003898342326183393, "robustness_obstacles": 1.0000000000000004, "robustness_moving_obstacles1": 0.16, "robustness_moving_obstacles2": 0.02}, "seed5_crea00040": {"speed_no_obs": 0.3772980162223425, "speed_obs": 0.2899322501510987, "robustness_obstacles": 1.0000000000000004, "robustness_moving_obstacles1": 0.04, "robustness_moving_obstacles2": 0.14}, "seed5_crea00125": {"speed_no_obs": 3.096122840590173, "speed_obs": 0.0050848742339069785, "robustness_obstacles": 0.23999999999999996, "robustness_moving_obstacles1": 0, "robustness_moving_obstacles2": 0}, "seed5_crea00138": {"speed_no_obs": 3.0219679167317053, "speed_obs": 0.028564913071447207, "robustness_obstacles": 0.4400000000000001, "robustness_moving_obstacles1": 0, "robustness_moving_obstacles2": 0.02}, "seed5_crea00107": {"speed_no_obs": 1.5398670406602284, "speed_obs": 8.171306170757824e-05, "robustness_obstacles": 0.04, "robustness_moving_obstacles1": 0, "robustness_moving_obstacles2": 0}, "seed5_crea00093": {"speed_no_obs": 1.218184006566361, "speed_obs": 0.2435719384653717, "robustness_obstacles": 0.9600000000000005, "robustness_moving_obstacles1": 0.16, "robustness_moving_obstacles2": 0.02}, "seed5_crea00060": {"speed_no_obs": 2.6808119588012014, "speed_obs": 0.017330965799988364, "robustness_obstacles": 0.21999999999999997, "robustness_moving_obstacles1": 0, "robustness_moving_obstacles2": 0.02}, "seed5_crea00102": {"speed_no_obs": 2.8038156393379845, "speed_obs": 0.04123624875528511, "robustness_obstacles": 0.9200000000000005, "robustness_moving_obstacles1": 0.34, "robustness_moving_obstacles2": 0.04}, "seed5_crea00069": {"speed_no_obs": 2.023252451990848, "speed_obs": 0.5290543693486383, "robustness_obstacles": 0.9800000000000005, "robustness_moving_obstacles1": 0.4000000000000001, "robustness_moving_obstacles2": 0.02}, "seed5_crea00045": {"speed_no_obs": 1.8863159532869567, "speed_obs": 0.0, "robustness_obstacles": 0, "robustness_moving_obstacles1": 0, "robustness_moving_obstacles2": 0.02}, "seed5_crea00111": {"speed_no_obs": 3.159196193135598, "speed_obs": 0.005502697269349235, "robustness_obstacles": 0.8600000000000004, "robustness_moving_obstacles1": 0.21999999999999997, "robustness_moving_obstacles2": 0.08}, "seed5_crea00124": {"speed_no_obs": 2.163704048455957, "speed_obs": 0.0, "robustness_obstacles": 0, "robustness_moving_obstacles1": 0, "robustness_moving_obstacles2": 0.02}, "seed5_crea00058": {"speed_no_obs": 2.7678016295351062, "speed_obs": 0.10734240263074742, "robustness_obstacles": 0.7200000000000003, "robustness_moving_obstacles1": 0.02, "robustness_moving_obstacles2": 0}, "seed5_crea00061": {"speed_no_obs": 2.616985870143511, "speed_obs": 0.02246573881071192, "robustness_obstacles": 0.38000000000000006, "robustness_moving_obstacles1": 0.02, "robustness_moving_obstacles2": 0}, "seed5_crea00130": {"speed_no_obs": 3.498715971115536, "speed_obs": 0.03283073966077375, "robustness_obstacles": 0.21999999999999997, "robustness_moving_obstacles1": 0, "robustness_moving_obstacles2": 0}, "seed5_crea00042": {"speed_no_obs": 0.9066974506818688, "speed_obs": 0.051291050446496185, "robustness_obstacles": 1.0000000000000004, "robustness_moving_obstacles1": 0.27999999999999997, "robustness_moving_obstacles2": 0.02}, "seed5_crea00085": {"speed_no_obs": 1.8115000813245516, "speed_obs": 0.0, "robustness_obstacles": 0, "robustness_moving_obstacles1": 0, "robustness_moving_obstacles2": 0}, "seed5_crea00086": {"speed_no_obs": 2.0226680560566255, "speed_obs": 1.1425762870056067, "robustness_obstacles": 0.9200000000000005, "robustness_moving_obstacles1": 0.16, "robustness_moving_obstacles2": 0}, "seed5_crea00110": {"speed_no_obs": 3.222047243558943, "speed_obs": 0.09949783847385207, "robustness_obstacles": 0.6800000000000003, "robustness_moving_obstacles1": 0.04, "robustness_moving_obstacles2": 0.04}, "seed5_crea00122": {"speed_no_obs": 3.4700492093198894, "speed_obs": 0.015109090014131124, "robustness_obstacles": 0.34, "robustness_moving_obstacles1": 0, "robustness_moving_obstacles2": 0.02}, "seed5_crea00135": {"speed_no_obs": 1.8209925052007687, "speed_obs": 0.011278920540219122, "robustness_obstacles": 0.7400000000000003, "robustness_moving_obstacles1": 0, "robustness_moving_obstacles2": 0}, "seed5_crea00056": {"speed_no_obs": 2.2805287520575273, "speed_obs": 0.007683866135282087, "robustness_obstacles": 0.48000000000000015, "robustness_moving_obstacles1": 0, "robustness_moving_obstacles2": 0}, "seed5_crea00139": {"speed_no_obs": 3.0759803769024163, "speed_obs": 0.054529636456629484, "robustness_obstacles": 0.8400000000000004, "robustness_moving_obstacles1": 0.08, "robustness_moving_obstacles2": 0}, "seed5_crea00077": {"speed_no_obs": 2.4311396783009784, "speed_obs": 0.031105777122234685, "robustness_obstacles": 0.5000000000000001, "robustness_moving_obstacles1": 0, "robustness_moving_obstacles2": 0}, "seed5_crea00115": {"speed_no_obs": 1.9555315181548647, "speed_obs": 0.6221013574046267, "robustness_obstacles": 0.7200000000000003, "robustness_moving_obstacles1": 0, "robustness_moving_obstacles2": 0.04}, "seed5_crea00041": {"speed_no_obs": 0.7136695431400075, "speed_obs": 0.5486265134720324, "robustness_obstacles": 1.0000000000000004, "robustness_moving_obstacles1": 0.08, "robustness_moving_obstacles2": 0.1}, "seed5_crea00059": {"speed_no_obs": 1.8209138083153877, "speed_obs": 0.22361784599188772, "robustness_obstacles": 1.0000000000000004, "robustness_moving_obstacles1": 0.6200000000000002, "robustness_moving_obstacles2": 0.16}, "seed5_crea00118": {"speed_no_obs": 2.054371474156764, "speed_obs": 0.11380963295688175, "robustness_obstacles": 0.3, "robustness_moving_obstacles1": 0.02, "robustness_moving_obstacles2": 0}, "seed5_crea00114": {"speed_no_obs": 2.208578762424459, "speed_obs": 1.1391417887266562, "robustness_obstacles": 1.0000000000000004, "robustness_moving_obstacles1": 0.8200000000000004, "robustness_moving_obstacles2": 0.23999999999999996}, "seed5_crea00153": {"speed_no_obs": 3.528006592586593, "speed_obs": 0.011388314551732656, "robustness_obstacles": 0.9200000000000005, "robustness_moving_obstacles1": 0.5000000000000001, "robustness_moving_obstacles2": 0.19999999999999998}, "seed5_crea00149": {"speed_no_obs": 3.151337921705087, "speed_obs": 0.07346910899084334, "robustness_obstacles": 0.7400000000000003, "robustness_moving_obstacles1": 0.06, "robustness_moving_obstacles2": 0}, "seed5_crea00048": {"speed_no_obs": 1.5205209969558882, "speed_obs": 0.0, "robustness_obstacles": 0, "robustness_moving_obstacles1": 0,