{"seed7_crea00043": {"speed_no_obs": 1.20743237686657, "speed_obs": 0.04819850799415275, "robustness_obstacles": 1.0000000000000004, "robustness_moving_obstacles1": 0.7000000000000003, "robustness_moving_obstacles2": 0.19999999999999998}, "seed7_crea00135": {"speed_no_obs": 2.6405297561515355, "speed_obs": 0.0, "robustness_obstacles": 0, "robustness_moving_obstacles1": 0, "robustness_moving_obstacles2": 0}, "seed7_crea00057": {"speed_no_obs": 1.5308958361548535, "speed_obs": 0.007366567256442574, "robustness_obstacles": 1.0000000000000004, "robustness_moving_obstacles1": 0.16, "robustness_moving_obstacles2": 0.02}, "seed7_crea00137": {"speed_no_obs": 1.4109123107145585, "speed_obs": 0.6020770814115874, "robustness_obstacles": 1.0000000000000004, "robustness_moving_obstacles1": 0.9000000000000005, "robustness_moving_obstacles2": 0.04}, "seed7_crea00055": {"speed_no_obs": 3.515725567562574, "speed_obs": 0.0, "robustness_obstacles": 0, "robustness_moving_obstacles1": 0, "robustness_moving_obstacles2": 0}, "seed7_crea00157": {"speed_no_obs": 3.1160410252953312, "speed_obs": 0.0, "robustness_obstacles": 0, "robustness_moving_obstacles1": 0, "robustness_moving_obstacles2": 0.02}, "seed7_crea00062": {"speed_no_obs": 1.499121881795866, "speed_obs": 0.024542987510058706, "robustness_obstacles": 1.0000000000000004, "robustness_moving_obstacles1": 0.7200000000000003, "robustness_moving_obstacles2": 0.08}, "seed7_crea00061": {"speed_no_obs": 1.8380826181378924, "speed_obs": 0.001105137649563093, "robustness_obstacles": 0.8800000000000004, "robustness_moving_obstacles1": 0, "robustness_moving_obstacles2": 0}, "seed7_crea00071": {"speed_no_obs": 3.282243872573186, "speed_obs": 0.0, "robustness_obstacles": 0, "robustness_moving_obstacles1": 0, "robustness_moving_obstacles2": 0}, "seed7_crea00078": {"speed_no_obs": 2.728939853369544, "speed_obs": 0.0, "robustness_obstacles": 0, "robustness_moving_obstacles1": 0, "robustness_moving_obstacles2": 0}, "seed7_crea00130": {"speed_no_obs": 2.285904533400705, "speed_obs": 0.0, "robustness_obstacles": 0, "robustness_moving_obstacles1": 0, "robustness_moving_obstacles2": 0}, "seed7_crea00122": {"speed_no_obs": 3.1113435519929395, "speed_obs": 0.0, "robustness_obstacles": 0, "robustness_moving_obstacles1": 0, "robustness_moving_obstacles2": 0}, "seed7_crea00044": {"speed_no_obs": 0.0004598783132088798, "speed_obs": 0.0016386241944354421, "robustness_obstacles": 1.0000000000000004, "robustness_moving_obstacles1": 0.14, "robustness_moving_obstacles2": 0.16}, "seed7_crea00052": {"speed_no_obs": 3.2594295511977607, "speed_obs": 0.0, "robustness_obstacles": 0, "robustness_moving_obstacles1": 0.02, "robustness_moving_obstacles2": 0.02}, "seed7_crea00060": {"speed_no_obs": 3.643584468641179, "speed_obs": 0.0, "robustness_obstacles": 0, "robustness_moving_obstacles1": 0, "robustness_moving_obstacles2": 0}, "seed7_crea00100": {"speed_no_obs": 2.1426903253521408, "speed_obs": 0.044482246247268806, "robustness_obstacles": 0.5400000000000001, "robustness_moving_obstacles1": 0.04, "robustness_moving_obstacles2": 0.16}, "seed7_crea00092": {"speed_no_obs": 2.5956581400012193, "speed_obs": 0.0, "robustness_obstacles": 0, "robustness_moving_obstacles1": 0, "robustness_moving_obstacles2": 0}, "seed7_crea00117": {"speed_no_obs": 3.51191871442672, "speed_obs": 0.0, "robustness_obstacles": 0, "robustness_moving_obstacles1": 0, "robustness_moving_obstacles2": 0}, "seed7_crea00114": {"speed_no_obs": 2.8947195776190493, "speed_obs": 0.11576144813968467, "robustness_obstacles": 0.04, "robustness_moving_obstacles1": 0.06, "robustness_moving_obstacles2": 0.02}, "seed7_crea00049": {"speed_no_obs": 2.8931460943325007, "speed_obs": 0.0, "robustness_obstacles": 0, "robustness_moving_obstacles1": 0, "robustness_moving_obstacles2": 0}, "seed7_crea00021": {"speed_no_obs": 0.00018162685935759572, "speed_obs": 0.00017833622484361963, "robustness_obstacles": 1.0000000000000004, "robustness_moving_obstacles1": 0.06, "robustness_moving_obstacles2": 0.14}, "seed7_crea00090": {"speed_no_obs": 3.0717798340375317, "speed_obs": 0.0, "robustness_obstacles": 0, "robustness_moving_obstacles1": 0, "robustness_moving_obstacles2": 0}, "seed7_crea00093": {"speed_no_obs": 2.230967522348081, "speed_obs": 0.01138465038690517, "robustness_obstacles": 0.4200000000000001, "robustness_moving_obstacles1": 0.02, "robustness_moving_obstacles2": 0.02}, "seed7_crea00070": {"speed_no_obs": 2.7627532021992174, "speed_obs": 0.0, "robustness_obstacles": 0, "robustness_moving_obstacles1": 0, "robustness_moving_obstacles2": 0}, "seed7_crea00048": {"speed_no_obs": 2.7601439351430317, "speed_obs": 0.0, "robustness_obstacles": 0, "robustness_moving_obstacles1": 0, "robustness_moving_obstacles2": 0}, "seed7_crea00017": {"speed_no_obs": 0.0009300770136772147, "speed_obs": 0.0005191870869638539, "robustness_obstacles": 1.0000000000000004, "robustness_moving_obstacles1": 0.32, "robustness_moving_obstacles2": 0.48000000000000015}, "seed7_crea00127": {"speed_no_obs": 0.7779456957308482, "speed_obs": 0.010835323645921392, "robustness_obstacles": 1.0000000000000004, "robustness_moving_obstacles1": 0.12000000000000001, "robustness_moving_obstacles2": 0.32}, "seed7_crea00153": {"speed_no_obs": 3.2098843935245402, "speed_obs": 0.0, "robustness_obstacles": 0, "robustness_moving_obstacles1": 0, "robustness_moving_obstacles2": 0}, "seed7_crea00155": {"speed_no_obs": 3.1614861989235608, "speed_obs": 0.0, "robustness_obstacles": 0, "robustness_moving_obstacles1": 0, "robustness_moving_obstacles2": 0}, "seed7_crea00156": {"speed_no_obs": 2.4696803423948355, "speed_obs": 0.0, "robustness_obstacles": 0, "robustness_moving_obstacles1": 0, "robustness_moving_obstacles2": 0.02}, "seed7_crea00041": {"speed_no_obs": 0.5760948950360698, "speed_obs": 0.1943451334419157, "robustness_obstacles": 1.0000000000000004, "robustness_moving_obstacles1": 0.04, "robustness_moving_obstacles2": 0.23999999999999996}, "seed7_crea00050": {"speed_no_obs": 3.1366916738622215, "speed_obs": 0.0, "robustness_obstacles": 0, "robustness_moving_obstacles1": 0, "robustness_moving_obstacles2": 0}, "seed7_crea00095": {"speed_no_obs": 3.729634458980168, "speed_obs": 0.0, "robustness_obstacles": 0, "robustness_moving_obstacles1": 0, "robustness_moving_obstacles2": 0}, "seed7_crea00069": {"speed_no_obs": 3.283285871104602, "speed_obs": 0.0, "robustness_obstacles": 0, "robustness_moving_obstacles1": 0, "robustness_moving_obstacles2": 0}, "seed7_crea00143": {"speed_no_obs": 0.43026329051815104, "speed_obs": 0.028319800906112597, "robustness_obstacles": 1.0000000000000004, "robustness_moving_obstacles1": 0.25999999999999995, "robustness_moving_obstacles2": 0.25999999999999995}, "seed7_crea00059": {"speed_no_obs": 2.3258362807417012, "speed_obs": 0.0, "robustness_obstacles": 0, "robustness_moving_obstacles1": 0, "robustness_moving_obstacles2": 0}, "seed7_crea00051": {"speed_no_obs": 2.8595635937339794, "speed_obs": 0.0, "robustness_obstacles": 0, "robustness_moving_obstacles1": 0, "robustness_moving_obstacles2": 0.08}, "seed7_crea00047": {"speed_no_obs": 2.4347123443519125, "speed_obs": 0.0, "robustness_obstacles": 0, "robustness_moving_obstacles1": 0, "robustness_moving_obstacles2": 0}, "seed7_crea00042": {"speed_no_obs": 0.763671119001612, "speed_obs": 0.033756987059596885, "robustness_obstacles": 1.0000000000000004, "robustness_moving_obstacles1": 0.8200000000000004, "robustness_moving_obstacles2": 0.25999999999999995}, "seed7_crea00112": {"speed_no_obs": 2.5153427927190664, "speed_obs": 0.0, "robustness_obstacles": 0, "robustness_moving_obstacles1": 0, "robustness_moving_obstacles2": 0}}