{"seed6_crea00058": {"speed_no_obs": 0.001229317932528656, "speed_obs": 0.0008479790979206739, "robustness_obstacles": 0.9000000000000005, "robustness_moving_obstacles1": 0.02, "robustness_moving_obstacles2": 0.16}, "seed6_crea00116": {"speed_no_obs": 0.00016198173816288195, "speed_obs": 0.0008058258517971901, "robustness_obstacles": 0.7800000000000004, "robustness_moving_obstacles1": 0.12000000000000001, "robustness_moving_obstacles2": 0.12000000000000001}, "seed6_crea00066": {"speed_no_obs": 0.04069755525806635, "speed_obs": 0.019616151279970597, "robustness_obstacles": 0.8600000000000004, "robustness_moving_obstacles1": 0.04, "robustness_moving_obstacles2": 0.16}, "seed6_crea00048": {"speed_no_obs": 1.3697624744490806, "speed_obs": 0.002219553983451501, "robustness_obstacles": 0.7400000000000003, "robustness_moving_obstacles1": 0, "robustness_moving_obstacles2": 0}, "seed6_crea00073": {"speed_no_obs": 1.4028267489306812, "speed_obs": 0.004119837954849397, "robustness_obstacles": 0.4200000000000001, "robustness_moving_obstacles1": 0.02, "robustness_moving_obstacles2": 0}}