{"seed9_crea00114": {"speed_no_obs": 3.51864144315023, "speed_obs": 0.8451784476874336, "robustness_obstacles": 0.4000000000000001, "robustness_moving_obstacles1": 0.18, "robustness_moving_obstacles2": 0.18}, "seed9_crea00141": {"speed_no_obs": 3.318863012140015, "speed_obs": 0.0, "robustness_obstacles": 0, "robustness_moving_obstacles1": 0, "robustness_moving_obstacles2": 0}, "seed9_crea00046": {"speed_no_obs": 2.2977635744196, "speed_obs": 0.04904751030783758, "robustness_obstacles": 0.02, "robustness_moving_obstacles1": 0, "robustness_moving_obstacles2": 0.04}, "seed9_crea00058": {"speed_no_obs": 2.820098402613187, "speed_obs": 0.0, "robustness_obstacles": 0, "robustness_moving_obstacles1": 0.04, "robustness_moving_obstacles2": 0.02}, "seed9_crea00045": {"speed_no_obs": 2.03466482556441, "speed_obs": 0.0, "robustness_obstacles": 0, "robustness_moving_obstacles1": 0, "robustness_moving_obstacles2": 0.04}, "seed9_crea00054": {"speed_no_obs": 2.6528264066042095, "speed_obs": 0.20038282458441956, "robustness_obstacles": 0.08, "robustness_moving_obstacles1": 0.08, "robustness_moving_obstacles2": 0.06}, "seed9_crea00024": {"speed_no_obs": 0.0015819238527737898, "speed_obs": 0.0015489515801942646, "robustness_obstacles": 1.0000000000000004, "robustness_moving_obstacles1": 0.12000000000000001, "robustness_moving_obstacles2": 0.36000000000000004}, "seed9_crea00050": {"speed_no_obs": 3.265701910013662, "speed_obs": 0.0, "robustness_obstacles": 0, "robustness_moving_obstacles1": 0.02, "robustness_moving_obstacles2": 0}, "seed9_crea00052": {"speed_no_obs": 3.4045130707650553, "speed_obs": 0.0, "robustness_obstacles": 0, "robustness_moving_obstacles1": 0.08, "robustness_moving_obstacles2": 0}, "seed9_crea00059": {"speed_no_obs": 3.457541662387007, "speed_obs": 0.0, "robustness_obstacles": 0, "robustness_moving_obstacles1": 0.02, "robustness_moving_obstacles2": 0.02}, "seed9_crea00137": {"speed_no_obs": 3.6917292079755786, "speed_obs": 0.0, "robustness_obstacles": 0, "robustness_moving_obstacles1": 0, "robustness_moving_obstacles2": 0}, "seed9_crea00081": {"speed_no_obs": 2.6624096130926738, "speed_obs": 1.356738325554663, "robustness_obstacles": 0.7200000000000003, "robustness_moving_obstacles1": 0.6000000000000002, "robustness_moving_obstacles2": 0.12000000000000001}, "seed9_crea00153": {"speed_no_obs": 2.7755297933523617, "speed_obs": 0.0, "robustness_obstacles": 0, "robustness_moving_obstacles1": 0, "robustness_moving_obstacles2": 0.02}, "seed9_crea00120": {"speed_no_obs": 1.7469027625310904, "speed_obs": 1.0380793142935771, "robustness_obstacles": 1.0000000000000004, "robustness_moving_obstacles1": 0.34, "robustness_moving_obstacles2": 0.06}, "seed9_crea00082": {"speed_no_obs": 3.287449983251376, "speed_obs": 0.0, "robustness_obstacles": 0, "robustness_moving_obstacles1": 0, "robustness_moving_obstacles2": 0}, "seed9_crea00044": {"speed_no_obs": 1.7338646615172255, "speed_obs": 0.03897343153838659, "robustness_obstacles": 0.02, "robustness_moving_obstacles1": 0, "robustness_moving_obstacles2": 0}, "seed9_crea00148": {"speed_no_obs": 3.773055856671826, "speed_obs": 0.0, "robustness_obstacles": 0, "robustness_moving_obstacles1": 0, "robustness_moving_obstacles2": 0}, "seed9_crea00065": {"speed_no_obs": 3.596247583918915, "speed_obs": 0.0, "robustness_obstacles": 0, "robustness_moving_obstacles1": 0, "robustness_moving_obstacles2": 0}, "seed9_crea00085": {"speed_no_obs": 2.8576626954764763, "speed_obs": 0.0, "robustness_obstacles": 0, "robustness_moving_obstacles1": 0, "robustness_moving_obstacles2": 0}, "seed9_crea00115": {"speed_no_obs": 2.868891271211268, "speed_obs": 0.07383034939935375, "robustness_obstacles": 0.08, "robustness_moving_obstacles1": 0.1, "robustness_moving_obstacles2": 0.06}, "seed9_crea00105": {"speed_no_obs": 0.584402027604373, "speed_obs": 0.0, "robustness_obstacles": 0, "robustness_moving_obstacles1": 0, "robustness_moving_obstacles2": 0}, "seed9_crea00084": {"speed_no_obs": 3.633112777270662, "speed_obs": 0.0, "robustness_obstacles": 0, "robustness_moving_obstacles1": 0.02, "robustness_moving_obstacles2": 0}, "seed9_crea00140": {"speed_no_obs": 2.611593875320086, "speed_obs": 0.0, "robustness_obstacles": 0, "robustness_moving_obstacles1": 0, "robustness_moving_obstacles2": 0}, "seed9_crea00155": {"speed_no_obs": 3.290296589246944, "speed_obs": 0.0, "robustness_obstacles": 0, "robustness_moving_obstacles1": 0, "robustness_moving_obstacles2": 0}, "seed9_crea00078": {"speed_no_obs": 3.3433091341866263, "speed_obs": 1.6204751496632486, "robustness_obstacles": 0.9400000000000005, "robustness_moving_obstacles1": 0.5800000000000002, "robustness_moving_obstacles2": 0.06}, "seed9_crea00048": {"speed_no_obs": 0.9051716055521158, "speed_obs": 0.18503955129476027, "robustness_obstacles": 0.5000000000000001, "robustness_moving_obstacles1": 0, "robustness_moving_obstacles2": 0}, "seed9_crea00042": {"speed_no_obs": 0.8468662272548547, "speed_obs": 0.0, "robustness_obstacles": 0, "robustness_moving_obstacles1": 0.02, "robustness_moving_obstacles2": 0}, "seed9_crea00079": {"speed_no_obs": 3.8049486234445853, "speed_obs": 0.0, "robustness_obstacles": 0, "robustness_moving_obstacles1": 0, "robustness_moving_obstacles2": 0}, "seed9_crea00159": {"speed_no_obs": 3.2923037933581063, "speed_obs": 0.0, "robustness_obstacles": 0, "robustness_moving_obstacles1": 0.1, "robustness_moving_obstacles2": 0.08}, "seed9_crea00043": {"speed_no_obs": 1.233147712595073, "speed_obs": 8.426604560985031e-05, "robustness_obstacles": 0.02, "robustness_moving_obstacles1": 0.02, "robustness_moving_obstacles2": 0.02}, "seed9_crea00060": {"speed_no_obs": 2.38757897049039, "speed_obs": 0.0, "robustness_obstacles": 0, "robustness_moving_obstacles1": 0.02, "robustness_moving_obstacles2": 0}, "seed9_crea00040": {"speed_no_obs": 0.0003925281957737703, "speed_obs": 0.0008739824104904622, "robustness_obstacles": 1.0000000000000004, "robustness_moving_obstacles1": 0.23999999999999996, "robustness_moving_obstacles2": 0.18}, "seed9_crea00066": {"speed_no_obs": 3.785580535546351, "speed_obs": 0.0, "robustness_obstacles": 0, "robustness_moving_obstacles1": 0, "robustness_moving_obstacles2": 0}, "seed9_crea00063": {"speed_no_obs": 3.178263071648724, "speed_obs": 0.5133606111313178, "robustness_obstacles": 0.19999999999999998, "robustness_moving_obstacles1": 0.02, "robustness_moving_obstacles2": 0.08}, "seed9_crea00150": {"speed_no_obs": 3.4916265467586887, "speed_obs": 0.0, "robustness_obstacles": 0, "robustness_moving_obstacles1": 0, "robustness_moving_obstacles2": 0}, "seed9_crea00100": {"speed_no_obs": 2.8805938792206995, "speed_obs": 0.0, "robustness_obstacles": 0, "robustness_moving_obstacles1": 0, "robustness_moving_obstacles2": 0}, "seed9_crea00131": {"speed_no_obs": 2.9401899113833823, "speed_obs": 0.05877954118742768, "robustness_obstacles": 0.02, "robustness_moving_obstacles1": 0, "robustness_moving_obstacles2": 0}, "seed9_crea00099": {"speed_no_obs": 2.408839016951875, "speed_obs": 0.0, "robustness_obstacles": 0, "robustness_moving_obstacles1": 0.02, "robustness_moving_obstacles2": 0}, "seed9_crea00041": {"speed_no_obs": 0.6662441540944694, "speed_obs": 0.26451575985955555, "robustness_obstacles": 0.5000000000000001, "robustness_moving_obstacles1": 0.27999999999999997, "robustness_moving_obstacles2": 0.4400000000000001}, "seed9_crea00070": {"speed_no_obs": 3.4895549791434046, "speed_obs": 0.0, "robustness_obstacles": 0, "robustness_moving_obstacles1": 0, "robustness_moving_obstacles2": 0}, "seed9_crea00134": {"speed_no_obs": 3.8021668698908253, "speed_obs": 0.0, "robustness_obstacles": 0, "robustness_moving_obstacles1": 0.02, "robustness_moving_obstacles2": 0}, "seed9_crea00076": {"speed_no_obs": 3.274235864881424, "speed_obs": 0.0, "robustness_obstacles": 0, "robustness_moving_obstacles1": 0, "robustness_moving_obstacles2": 0}, "seed9_crea00143": {"speed_no_obs": 3.1992133010834216, "speed_obs": 0.0, "robustness_obstacles": 0, "robustness_moving_obstacles1": 0.04,