{"seed3_crea00064": {"speed_no_obs": 1.1991177539868625, "speed_obs": 0.3892136385647987, "robustness_obstacles": 1.0000000000000004, "robustness_moving_obstacles1": 0.27999999999999997, "robustness_moving_obstacles2": 0.02}, "seed3_crea00080": {"speed_no_obs": 2.734091650281929, "speed_obs": 0.5971306578335844, "robustness_obstacles": 0.9400000000000005, "robustness_moving_obstacles1": 0.04, "robustness_moving_obstacles2": 0}, "seed3_crea00134": {"speed_no_obs": 3.4568929282906984, "speed_obs": 0.701487562530508, "robustness_obstacles": 0.9800000000000005, "robustness_moving_obstacles1": 0.32, "robustness_moving_obstacles2": 0.02}, "seed3_crea00103": {"speed_no_obs": 2.9122239243884254, "speed_obs": 0.48934171740071636, "robustness_obstacles": 0.8800000000000004, "robustness_moving_obstacles1": 0.3, "robustness_moving_obstacles2": 0}, "seed3_crea00081": {"speed_no_obs": 2.303288447766615, "speed_obs": 0.7389054338768021, "robustness_obstacles": 0.48000000000000015, "robustness_moving_obstacles1": 0.06, "robustness_moving_obstacles2": 0}, "seed3_crea00144": {"speed_no_obs": 2.4563218809520295, "speed_obs": 1.3681841070283776, "robustness_obstacles": 1.0000000000000004, "robustness_moving_obstacles1": 0.6800000000000003, "robustness_moving_obstacles2": 0.08}, "seed3_crea00153": {"speed_no_obs": 1.176067268577487, "speed_obs": 0.6203241721662166, "robustness_obstacles": 1.0000000000000004, "robustness_moving_obstacles1": 0.18, "robustness_moving_obstacles2": 0}, "seed3_crea00078": {"speed_no_obs": 2.298389983615504, "speed_obs": 0.0, "robustness_obstacles": 0, "robustness_moving_obstacles1": 0, "robustness_moving_obstacles2": 0}, "seed3_crea00126": {"speed_no_obs": 1.875187091137128, "speed_obs": 1.2743512692796457, "robustness_obstacles": 1.0000000000000004, "robustness_moving_obstacles1": 0.9600000000000005, "robustness_moving_obstacles2": 0.21999999999999997}, "seed3_crea00110": {"speed_no_obs": 3.2049958135042096, "speed_obs": 0.2046038970025841, "robustness_obstacles": 0.7400000000000003, "robustness_moving_obstacles1": 0, "robustness_moving_obstacles2": 0}, "seed3_crea00059": {"speed_no_obs": 2.9410875044634075, "speed_obs": 0.40048010900589637, "robustness_obstacles": 1.0000000000000004, "robustness_moving_obstacles1": 0.46000000000000013, "robustness_moving_obstacles2": 0.08}, "seed3_crea00115": {"speed_no_obs": 0.42522913370264476, "speed_obs": 0.019320902100928964, "robustness_obstacles": 1.0000000000000004, "robustness_moving_obstacles1": 0.7000000000000003, "robustness_moving_obstacles2": 0.21999999999999997}, "seed3_crea00114": {"speed_no_obs": 1.9752354863891701, "speed_obs": 1.2169072956316427, "robustness_obstacles": 1.0000000000000004, "robustness_moving_obstacles1": 0.7800000000000004, "robustness_moving_obstacles2": 0.12000000000000001}, "seed3_crea00053": {"speed_no_obs": 2.6573694021013066, "speed_obs": 0.2557233248073322, "robustness_obstacles": 1.0000000000000004, "robustness_moving_obstacles1": 0.21999999999999997, "robustness_moving_obstacles2": 0.1}, "seed3_crea00051": {"speed_no_obs": 0.5349385473202559, "speed_obs": 0.06385795414403757, "robustness_obstacles": 1.0000000000000004, "robustness_moving_obstacles1": 0.9000000000000005, "robustness_moving_obstacles2": 0.16}, "seed3_crea00087": {"speed_no_obs": 2.7617984474557, "speed_obs": 0.9964303155958824, "robustness_obstacles": 1.0000000000000004, "robustness_moving_obstacles1": 0.9400000000000005, "robustness_moving_obstacles2": 0.5000000000000001}, "seed3_crea00074": {"speed_no_obs": 3.085328662851247, "speed_obs": 0.48539544252378825, "robustness_obstacles": 1.0000000000000004, "robustness_moving_obstacles1": 0.34, "robustness_moving_obstacles2": 0.08}, "seed3_crea00154": {"speed_no_obs": 1.9707243555057468, "speed_obs": 0.5827574423305237, "robustness_obstacles": 1.0000000000000004, "robustness_moving_obstacles1": 0.14, "robustness_moving_obstacles2": 0}, "seed3_crea00052": {"speed_no_obs": 2.3074701489056393, "speed_obs": 0.4454275759226538, "robustness_obstacles": 1.0000000000000004, "robustness_moving_obstacles1": 0.9400000000000005, "robustness_moving_obstacles2": 0.5000000000000001}, "seed3_crea00133": {"speed_no_obs": 3.0283197861512017, "speed_obs": 1.33479507096144, "robustness_obstacles": 0.9200000000000005, "robustness_moving_obstacles1": 0.02, "robustness_moving_obstacles2": 0.04}, "seed3_crea00092": {"speed_no_obs": 3.039110460922328, "speed_obs": 0.39288016120152125, "robustness_obstacles": 1.0000000000000004, "robustness_moving_obstacles1": 0.9000000000000005, "robustness_moving_obstacles2": 0.48000000000000015}, "seed3_crea00063": {"speed_no_obs": 2.5690648319992246, "speed_obs": 0.0, "robustness_obstacles": 0, "robustness_moving_obstacles1": 0, "robustness_moving_obstacles2": 0}, "seed3_crea00158": {"speed_no_obs": 3.591569226712456, "speed_obs": 0.4986790404433803, "robustness_obstacles": 1.0000000000000004, "robustness_moving_obstacles1": 0.14, "robustness_moving_obstacles2": 0.02}, "seed3_crea00075": {"speed_no_obs": 3.0671393422811724, "speed_obs": 0.49016377412743145, "robustness_obstacles": 0.7800000000000004, "robustness_moving_obstacles1": 0.36000000000000004, "robustness_moving_obstacles2": 0.14}, "seed3_crea00130": {"speed_no_obs": 2.7290036428374314, "speed_obs": 1.6113732975240906, "robustness_obstacles": 1.0000000000000004, "robustness_moving_obstacles1": 0.04, "robustness_moving_obstacles2": 0}, "seed3_crea00076": {"speed_no_obs": 3.1232607882568693, "speed_obs": 0.25457063114936845, "robustness_obstacles": 1.0000000000000004, "robustness_moving_obstacles1": 0.27999999999999997, "robustness_moving_obstacles2": 0.04}, "seed3_crea00091": {"speed_no_obs": 2.351715009427001, "speed_obs": 0.28999168265148134, "robustness_obstacles": 0.25999999999999995, "robustness_moving_obstacles1": 0.04, "robustness_moving_obstacles2": 0.04}, "seed3_crea00129": {"speed_no_obs": 0.8827245097512775, "speed_obs": 0.8432380935525361, "robustness_obstacles": 1.0000000000000004, "robustness_moving_obstacles1": 0.7000000000000003, "robustness_moving_obstacles2": 0.08}, "seed3_crea00125": {"speed_no_obs": 1.9525339316730306, "speed_obs": 0.49457670300985085, "robustness_obstacles": 1.0000000000000004, "robustness_moving_obstacles1": 0.08, "robustness_moving_obstacles2": 0.02}, "seed3_crea00055": {"speed_no_obs": 2.6531806181478617, "speed_obs": 0.06847827559992442, "robustness_obstacles": 0.18, "robustness_moving_obstacles1": 0, "robustness_moving_obstacles2": 0.06}, "seed3_crea00122": {"speed_no_obs": 2.1698044847049998, "speed_obs": 1.02185299182174, "robustness_obstacles": 0.7400000000000003, "robustness_moving_obstacles1": 0.16, "robustness_moving_obstacles2": 0.02}, "seed3_crea00049": {"speed_no_obs": 0.028377575352874156, "speed_obs": 0.02799642156894197, "robustness_obstacles": 1.0000000000000004, "robustness_moving_obstacles1": 0.7800000000000004, "robustness_moving_obstacles2": 0.5000000000000001}, "seed3_crea00104": {"speed_no_obs": 2.829188163134088, "speed_obs": 0.6993271223986666, "robustness_obstacles": 1.0000000000000004, "robustness_moving_obstacles1": 0.14, "robustness_moving_obstacles2": 0}, "seed3_crea00105": {"speed_no_obs": 3.121184640052828, "speed_obs": 0.5971541009798379, "robustness_obstacles": 0.8000000000000004, "robustness_moving_obstacles1": 0.04, "robustness_moving_obstacles2": 0.02}, "seed3_crea00095": {"speed_no_obs": 2.671568677893052, "speed_obs": 0.6566963617196592, "robustness_obstacles": 1.0000000000000004, "robustness_moving_obstacles1": 0.3, "robustness_moving_obstacles2": 0.02}, "seed3_crea00057": {"speed_no_obs": 2.646414460308692, "speed_obs": 0.0, "robustness_obstacles": 0, "robustness_moving_obstacles1": 0, "robustness_moving_obstacles2": 0}, "seed3_crea00083": {"speed_no_obs": 2.18501777040285, "speed_obs": 1.3560431102180714, "robustness_obstacles": 1.0000000000000004, "robustness_moving_obstacles1": 0.8600000000000004, "robustness_moving_obstacles2": 0.04}, "seed3_crea00071": {"speed_no_obs": 2.9255957048269594,