{"seed0_crea00051": {"speed_no_obs": 0.8325576609111826, "speed_obs": 0.7063235854514244, "robustness_obstacles": 1.0000000000000004, "robustness_moving_obstacles1": 0.19999999999999998, "robustness_moving_obstacles2": 0}, "seed0_crea00050": {"speed_no_obs": 2.489500349887267, "speed_obs": 0.038905258840365275, "robustness_obstacles": 0.06, "robustness_moving_obstacles1": 0.18, "robustness_moving_obstacles2": 0.04}, "seed0_crea00134": {"speed_no_obs": 3.0353881166644374, "speed_obs": 0.0, "robustness_obstacles": 0, "robustness_moving_obstacles1": 0.02, "robustness_moving_obstacles2": 0}, "seed0_crea00112": {"speed_no_obs": 1.0779953606957695, "speed_obs": 0.22655994781779493, "robustness_obstacles": 0.25999999999999995, "robustness_moving_obstacles1": 0, "robustness_moving_obstacles2": 0}, "seed0_crea00045": {"speed_no_obs": 0.47131570753020613, "speed_obs": 0.48368424582906344, "robustness_obstacles": 0.9600000000000005, "robustness_moving_obstacles1": 0.3, "robustness_moving_obstacles2": 0.02}, "seed0_crea00114": {"speed_no_obs": 2.475019294670832, "speed_obs": 0.19483632298409037, "robustness_obstacles": 0.4000000000000001, "robustness_moving_obstacles1": 0, "robustness_moving_obstacles2": 0}, "seed0_crea00103": {"speed_no_obs": 3.095131579874, "speed_obs": 7.433139581742113e-05, "robustness_obstacles": 0.04, "robustness_moving_obstacles1": 0.02, "robustness_moving_obstacles2": 0}, "seed0_crea00125": {"speed_no_obs": 0.8955773038207148, "speed_obs": 0.7714343248379367, "robustness_obstacles": 0.9400000000000005, "robustness_moving_obstacles1": 0.21999999999999997, "robustness_moving_obstacles2": 0}, "seed0_crea00152": {"speed_no_obs": 0.7980602079910074, "speed_obs": 0.574390112146889, "robustness_obstacles": 0.9400000000000005, "robustness_moving_obstacles1": 0.02, "robustness_moving_obstacles2": 0}, "seed0_crea00142": {"speed_no_obs": 2.2305849429592253, "speed_obs": 0.3533462958784129, "robustness_obstacles": 0.5600000000000002, "robustness_moving_obstacles1": 0.38000000000000006, "robustness_moving_obstacles2": 0.16}, "seed0_crea00138": {"speed_no_obs": 1.7868503676344363, "speed_obs": 0.1425897259129076, "robustness_obstacles": 0.7600000000000003, "robustness_moving_obstacles1": 0, "robustness_moving_obstacles2": 0}, "seed0_crea00085": {"speed_no_obs": 3.1787542742099433, "speed_obs": 0.0, "robustness_obstacles": 0, "robustness_moving_obstacles1": 0.02, "robustness_moving_obstacles2": 0}, "seed0_crea00126": {"speed_no_obs": 1.279663637329275, "speed_obs": 0.8671337290432611, "robustness_obstacles": 0.8600000000000004, "robustness_moving_obstacles1": 0.1, "robustness_moving_obstacles2": 0.02}, "seed0_crea00089": {"speed_no_obs": 2.5719611172639003, "speed_obs": 0.10762461561951747, "robustness_obstacles": 0.19999999999999998, "robustness_moving_obstacles1": 0, "robustness_moving_obstacles2": 0}, "seed0_crea00110": {"speed_no_obs": 1.4175408966118297, "speed_obs": 0.06568831055566593, "robustness_obstacles": 0.06, "robustness_moving_obstacles1": 0, "robustness_moving_obstacles2": 0}, "seed0_crea00104": {"speed_no_obs": 3.196558980771655, "speed_obs": 0.03695043642068406, "robustness_obstacles": 0.04, "robustness_moving_obstacles1": 0.02, "robustness_moving_obstacles2": 0}, "seed0_crea00100": {"speed_no_obs": 3.2278551125339416, "speed_obs": 0.0, "robustness_obstacles": 0, "robustness_moving_obstacles1": 0, "robustness_moving_obstacles2": 0}, "seed0_crea00074": {"speed_no_obs": 2.938237108771706, "speed_obs": 0.013576391249245362, "robustness_obstacles": 0.02, "robustness_moving_obstacles1": 0.02, "robustness_moving_obstacles2": 0}, "seed0_crea00046": {"speed_no_obs": 2.3328366661389213, "speed_obs": 0.29419299307643476, "robustness_obstacles": 0.4400000000000001, "robustness_moving_obstacles1": 0.18, "robustness_moving_obstacles2": 0.08}, "seed0_crea00153": {"speed_no_obs": 1.49835902032964, "speed_obs": 0.9034153411939359, "robustness_obstacles": 0.8800000000000004, "robustness_moving_obstacles1": 0.06, "robustness_moving_obstacles2": 0.02}, "seed0_crea00063": {"speed_no_obs": 2.7390580185739886, "speed_obs": 0.0030593361880951082, "robustness_obstacles": 0.02, "robustness_moving_obstacles1": 0.02, "robustness_moving_obstacles2": 0}, "seed0_crea00140": {"speed_no_obs": 1.4936509593388982, "speed_obs": 0.6959499936233859, "robustness_obstacles": 0.7800000000000004, "robustness_moving_obstacles1": 0, "robustness_moving_obstacles2": 0}, "seed0_crea00098": {"speed_no_obs": 3.057708087778356, "speed_obs": 0.0, "robustness_obstacles": 0, "robustness_moving_obstacles1": 0, "robustness_moving_obstacles2": 0}, "seed0_crea00071": {"speed_no_obs": 1.4827683229861286, "speed_obs": 0.4440085931961929, "robustness_obstacles": 1.0000000000000004, "robustness_moving_obstacles1": 0.34, "robustness_moving_obstacles2": 0.04}, "seed0_crea00155": {"speed_no_obs": 0.39494260699357303, "speed_obs": 0.5701622929345921, "robustness_obstacles": 1.0000000000000004, "robustness_moving_obstacles1": 0.34, "robustness_moving_obstacles2": 0.14}, "seed0_crea00055": {"speed_no_obs": 0.3032534815171701, "speed_obs": 0.5047381547992699, "robustness_obstacles": 1.0000000000000004, "robustness_moving_obstacles1": 0.25999999999999995, "robustness_moving_obstacles2": 0.06}, "seed0_crea00151": {"speed_no_obs": 1.0425709154705862, "speed_obs": 0.7922143523772041, "robustness_obstacles": 0.7800000000000004, "robustness_moving_obstacles1": 0.1, "robustness_moving_obstacles2": 0}, "seed0_crea00029": {"speed_no_obs": 0.0002402157069065827, "speed_obs": 0.00023794809748916958, "robustness_obstacles": 1.0000000000000004, "robustness_moving_obstacles1": 0.18, "robustness_moving_obstacles2": 0.36000000000000004}, "seed0_crea00118": {"speed_no_obs": 0.6321641430689047, "speed_obs": 0.5564649924620184, "robustness_obstacles": 0.9600000000000005, "robustness_moving_obstacles1": 0.08, "robustness_moving_obstacles2": 0.02}, "seed0_crea00117": {"speed_no_obs": 0.7200785732832428, "speed_obs": 0.24661560909481228, "robustness_obstacles": 0.32, "robustness_moving_obstacles1": 0, "robustness_moving_obstacles2": 0}, "seed0_crea00047": {"speed_no_obs": 0.9455711783417425, "speed_obs": 0.8989726248031211, "robustness_obstacles": 1.0000000000000004, "robustness_moving_obstacles1": 0.06, "robustness_moving_obstacles2": 0.02}, "seed0_crea00053": {"speed_no_obs": 0.06601104120871247, "speed_obs": 0.045481265905974864, "robustness_obstacles": 0.5600000000000002, "robustness_moving_obstacles1": 0.04, "robustness_moving_obstacles2": 0.1}, "seed0_crea00111": {"speed_no_obs": 0.45236482615671925, "speed_obs": 0.5304033763223587, "robustness_obstacles": 0.9800000000000005, "robustness_moving_obstacles1": 0.3, "robustness_moving_obstacles2": 0.06}, "seed0_crea00122": {"speed_no_obs": 0.4501523989244323, "speed_obs": 0.5506072249934277, "robustness_obstacles": 1.0000000000000004, "robustness_moving_obstacles1": 0.27999999999999997, "robustness_moving_obstacles2": 0.08}, "seed0_crea00121": {"speed_no_obs": 2.5789773484567466, "speed_obs": 0.07652272456132087, "robustness_obstacles": 0.14, "robustness_moving_obstacles1": 0, "robustness_moving_obstacles2": 0}, "seed0_crea00144": {"speed_no_obs": 3.245356136369925, "speed_obs": 0.0, "robustness_obstacles": 0, "robustness_moving_obstacles1": 0.02, "robustness_moving_obstacles2": 0}, "seed0_crea00087": {"speed_no_obs": 0.9409710038247476, "speed_obs": 0.686574517421642, "robustness_obstacles": 0.9400000000000005, "robustness_moving_obstacles1": 0.06, "robustness_moving_obstacles2": 0}, "seed0_crea00101": {"speed_no_obs": 2.4771220164724563, "speed_obs": 0.8486437857628336, "robustness_obstacles": 0.7200000000000003, "robustness_moving_obstacles1": 0.04, "robustness_moving_obstacles2": 0}, "seed0_crea00116": {"speed_no_obs": 1.5331656934049993, "speed_obs": 0.8073780426992787, "robustness_obstacles": 0.7200000000000003, "robustness_moving_obstacles1": 0.04, "robustness_moving_obstacles2": 0}}