{"seed5_crea00070": {"speed_no_obs": 2.4215279316849365, "speed_obs": 0.9545573480548333, "robustness_obstacles": 1.0000000000000004, "robustness_moving_obstacles1": 0.9800000000000005, "robustness_moving_obstacles2": 0.16}, "seed5_crea00046": {"speed_no_obs": 0.9863239368265777, "speed_obs": 0.7826002924629142, "robustness_obstacles": 0.8000000000000004, "robustness_moving_obstacles1": 0.6600000000000003, "robustness_moving_obstacles2": 0.08}, "seed5_crea00147": {"speed_no_obs": 2.8759997121476046, "speed_obs": 1.6059582291597596, "robustness_obstacles": 1.0000000000000004, "robustness_moving_obstacles1": 1.0000000000000004, "robustness_moving_obstacles2": 0.7600000000000003}, "seed5_crea00065": {"speed_no_obs": 2.129840211696611, "speed_obs": 1.0205415891432534, "robustness_obstacles": 1.0000000000000004, "robustness_moving_obstacles1": 0.6600000000000003, "robustness_moving_obstacles2": 0.34}, "seed5_crea00051": {"speed_no_obs": 0.6715196598083767, "speed_obs": 0.45093160798730786, "robustness_obstacles": 1.0000000000000004, "robustness_moving_obstacles1": 0.06, "robustness_moving_obstacles2": 0}, "seed5_crea00155": {"speed_no_obs": 2.656665820653118, "speed_obs": 0.4456774864810139, "robustness_obstacles": 1.0000000000000004, "robustness_moving_obstacles1": 0.9800000000000005, "robustness_moving_obstacles2": 0.5000000000000001}, "seed5_crea00123": {"speed_no_obs": 0.33167914274942556, "speed_obs": 0.7944451389587389, "robustness_obstacles": 1.0000000000000004, "robustness_moving_obstacles1": 0.8800000000000004, "robustness_moving_obstacles2": 0.1}, "seed5_crea00047": {"speed_no_obs": 1.4240972975185142, "speed_obs": 0.9402401653790244, "robustness_obstacles": 1.0000000000000004, "robustness_moving_obstacles1": 0.1, "robustness_moving_obstacles2": 0.04}, "seed5_crea00140": {"speed_no_obs": 2.6484588458557443, "speed_obs": 0.1697049603459556, "robustness_obstacles": 1.0000000000000004, "robustness_moving_obstacles1": 0.9800000000000005, "robustness_moving_obstacles2": 0.6400000000000002}, "seed5_crea00125": {"speed_no_obs": 0.8701408128855613, "speed_obs": 0.7161737619165198, "robustness_obstacles": 1.0000000000000004, "robustness_moving_obstacles1": 0.6200000000000002, "robustness_moving_obstacles2": 0.5400000000000001}, "seed5_crea00138": {"speed_no_obs": 0.02278105294755413, "speed_obs": 0.08553696461383772, "robustness_obstacles": 0.9800000000000005, "robustness_moving_obstacles1": 0.8400000000000004, "robustness_moving_obstacles2": 0.32}, "seed5_crea00107": {"speed_no_obs": 2.8484086674916616, "speed_obs": 1.2745694581269247, "robustness_obstacles": 0.6800000000000003, "robustness_moving_obstacles1": 0.9200000000000005, "robustness_moving_obstacles2": 0.5200000000000001}, "seed5_crea00093": {"speed_no_obs": 0.4756265609402891, "speed_obs": 0.47021298103555903, "robustness_obstacles": 1.0000000000000004, "robustness_moving_obstacles1": 0.5400000000000001, "robustness_moving_obstacles2": 0.21999999999999997}, "seed5_crea00060": {"speed_no_obs": 2.294649102043107, "speed_obs": 1.3376009473471797, "robustness_obstacles": 1.0000000000000004, "robustness_moving_obstacles1": 0.9000000000000005, "robustness_moving_obstacles2": 0.23999999999999996}, "seed5_crea00102": {"speed_no_obs": 0.7736163759361555, "speed_obs": 0.5211040010954627, "robustness_obstacles": 1.0000000000000004, "robustness_moving_obstacles1": 0.34, "robustness_moving_obstacles2": 0}, "seed5_crea00069": {"speed_no_obs": 2.22631251195037, "speed_obs": 0.00026728351950465885, "robustness_obstacles": 0.02, "robustness_moving_obstacles1": 0.14, "robustness_moving_obstacles2": 0}, "seed5_crea00111": {"speed_no_obs": 2.649898218234732, "speed_obs": 1.5266141449440143, "robustness_obstacles": 1.0000000000000004, "robustness_moving_obstacles1": 0.7200000000000003, "robustness_moving_obstacles2": 0.14}, "seed5_crea00068": {"speed_no_obs": 0.4267770395710209, "speed_obs": 0.5163510283769772, "robustness_obstacles": 1.0000000000000004, "robustness_moving_obstacles1": 0.25999999999999995, "robustness_moving_obstacles2": 0.36000000000000004}, "seed5_crea00124": {"speed_no_obs": 2.0343427035069954, "speed_obs": 0.7882692176472073, "robustness_obstacles": 1.0000000000000004, "robustness_moving_obstacles1": 0.5800000000000002, "robustness_moving_obstacles2": 0.21999999999999997}, "seed5_crea00130": {"speed_no_obs": 2.8544734373840557, "speed_obs": 1.4027205286420916, "robustness_obstacles": 0.9600000000000005, "robustness_moving_obstacles1": 0.9600000000000005, "robustness_moving_obstacles2": 0.5000000000000001}, "seed5_crea00136": {"speed_no_obs": 0.026079668348232898, "speed_obs": 0.018184784399877422, "robustness_obstacles": 1.0000000000000004, "robustness_moving_obstacles1": 0.08, "robustness_moving_obstacles2": 0.18}, "seed5_crea00121": {"speed_no_obs": 0.8839909782113661, "speed_obs": 0.22904057636959316, "robustness_obstacles": 1.0000000000000004, "robustness_moving_obstacles1": 0.04, "robustness_moving_obstacles2": 0.04}, "seed5_crea00086": {"speed_no_obs": 1.034538831526779, "speed_obs": 0.6753084048182876, "robustness_obstacles": 1.0000000000000004, "robustness_moving_obstacles1": 0, "robustness_moving_obstacles2": 0}, "seed5_crea00110": {"speed_no_obs": 2.8306030133668605, "speed_obs": 0.6060002261494609, "robustness_obstacles": 0.3, "robustness_moving_obstacles1": 0.48000000000000015, "robustness_moving_obstacles2": 0.48000000000000015}, "seed5_crea00056": {"speed_no_obs": 1.9387855294861076, "speed_obs": 0.8026309057099573, "robustness_obstacles": 1.0000000000000004, "robustness_moving_obstacles1": 0.16, "robustness_moving_obstacles2": 0}, "seed5_crea00139": {"speed_no_obs": 1.544488579087893, "speed_obs": 1.1298936216198188, "robustness_obstacles": 1.0000000000000004, "robustness_moving_obstacles1": 0.8200000000000004, "robustness_moving_obstacles2": 0.34}, "seed5_crea00077": {"speed_no_obs": 0.0002682431824661164, "speed_obs": 0.00026400953798159726, "robustness_obstacles": 1.0000000000000004, "robustness_moving_obstacles1": 0.34, "robustness_moving_obstacles2": 0.25999999999999995}, "seed5_crea00115": {"speed_no_obs": 2.8831848920348087, "speed_obs": 1.469140363398214, "robustness_obstacles": 0.8600000000000004, "robustness_moving_obstacles1": 0.9600000000000005, "robustness_moving_obstacles2": 0.5200000000000001}, "seed5_crea00059": {"speed_no_obs": 0.639493403303225, "speed_obs": 0.5557962922845612, "robustness_obstacles": 0.9200000000000005, "robustness_moving_obstacles1": 0.6000000000000002, "robustness_moving_obstacles2": 0.04}, "seed5_crea00072": {"speed_no_obs": 0.4067181448832556, "speed_obs": 0.44081099925288286, "robustness_obstacles": 1.0000000000000004, "robustness_moving_obstacles1": 0.7200000000000003, "robustness_moving_obstacles2": 0.21999999999999997}, "seed5_crea00118": {"speed_no_obs": 2.4194474269167077, "speed_obs": 0.5771779688929495, "robustness_obstacles": 1.0000000000000004, "robustness_moving_obstacles1": 0.8400000000000004, "robustness_moving_obstacles2": 0.4400000000000001}, "seed5_crea00050": {"speed_no_obs": 0.22440598077810298, "speed_obs": 0.8006127940171232, "robustness_obstacles": 1.0000000000000004, "robustness_moving_obstacles1": 0.8000000000000004, "robustness_moving_obstacles2": 0.16}, "seed5_crea00114": {"speed_no_obs": 0.2552118954585855, "speed_obs": 0.34223255332613, "robustness_obstacles": 1.0000000000000004, "robustness_moving_obstacles1": 0.23999999999999996, "robustness_moving_obstacles2": 0.21999999999999997}, "seed5_crea00153": {"speed_no_obs": 1.413612391177469, "speed_obs": 0.6037035910100726, "robustness_obstacles": 1.0000000000000004, "robustness_moving_obstacles1": 0.8800000000000004, "robustness_moving_obstacles2": 0.21999999999999997}, "seed5_crea00137": {"speed_no_obs": 2.7974875717139667, "speed_obs": 1.1380331523655518, "robustness_obstacles": 0.6000000000000002, "robustness_moving_obstacles1": 0.9200000000000005, "robustness_moving_obstacles2": 0.5800000000000002}, "seed5_crea00057": {"speed_no_obs": 1.4304568491048868,