{"seed1_crea00134": {"speed_no_obs": 2.1410643170035173, "speed_obs": 0.23872267872870817, "robustness_obstacles": 0.9800000000000005, "robustness_moving_obstacles1": 0.7800000000000004, "robustness_moving_obstacles2": 0.34}, "seed1_crea00136": {"speed_no_obs": 1.6286124840296685, "speed_obs": 1.371947047873762, "robustness_obstacles": 1.0000000000000004, "robustness_moving_obstacles1": 0.7200000000000003, "robustness_moving_obstacles2": 0.14}, "seed1_crea00154": {"speed_no_obs": 2.1102551406636256, "speed_obs": 1.0760757988217797, "robustness_obstacles": 1.0000000000000004, "robustness_moving_obstacles1": 0.9800000000000005, "robustness_moving_obstacles2": 0.4200000000000001}, "seed1_crea00116": {"speed_no_obs": 2.08195471228023, "speed_obs": 1.1399011505067975, "robustness_obstacles": 0.9800000000000005, "robustness_moving_obstacles1": 0.8200000000000004, "robustness_moving_obstacles2": 0.12000000000000001}, "seed1_crea00104": {"speed_no_obs": 2.179574061321309, "speed_obs": 0.788366289923968, "robustness_obstacles": 0.9400000000000005, "robustness_moving_obstacles1": 0.6000000000000002, "robustness_moving_obstacles2": 0.14}, "seed1_crea00129": {"speed_no_obs": 1.8269847306992282, "speed_obs": 0.19258619789942047, "robustness_obstacles": 0.48000000000000015, "robustness_moving_obstacles1": 0.21999999999999997, "robustness_moving_obstacles2": 0.04}, "seed1_crea00108": {"speed_no_obs": 1.7556482602381884, "speed_obs": 1.0378301198833415, "robustness_obstacles": 0.9200000000000005, "robustness_moving_obstacles1": 0.14, "robustness_moving_obstacles2": 0}, "seed1_crea00140": {"speed_no_obs": 2.134590372078935, "speed_obs": 0.03515828013371686, "robustness_obstacles": 0.34, "robustness_moving_obstacles1": 0.36000000000000004, "robustness_moving_obstacles2": 0}, "seed1_crea00055": {"speed_no_obs": 1.6476030855610073, "speed_obs": 0.16209559417018052, "robustness_obstacles": 0.32, "robustness_moving_obstacles1": 0.06, "robustness_moving_obstacles2": 0}, "seed1_crea00073": {"speed_no_obs": 1.8538063276148602, "speed_obs": 0.09117072234395034, "robustness_obstacles": 0.5600000000000002, "robustness_moving_obstacles1": 0.34, "robustness_moving_obstacles2": 0.08}, "seed1_crea00131": {"speed_no_obs": 2.300285598509877, "speed_obs": 0.054997374673282064, "robustness_obstacles": 0.7600000000000003, "robustness_moving_obstacles1": 0.5800000000000002, "robustness_moving_obstacles2": 0.18}, "seed1_crea00049": {"speed_no_obs": 1.317617302975385, "speed_obs": 0.33578486355663906, "robustness_obstacles": 0.4400000000000001, "robustness_moving_obstacles1": 0, "robustness_moving_obstacles2": 0}, "seed1_crea00098": {"speed_no_obs": 2.1591012796380067, "speed_obs": 0.8784037093154242, "robustness_obstacles": 0.9800000000000005, "robustness_moving_obstacles1": 0.8800000000000004, "robustness_moving_obstacles2": 0.23999999999999996}, "seed1_crea00061": {"speed_no_obs": 1.7576792775290904, "speed_obs": 0.2512992028606745, "robustness_obstacles": 0.9200000000000005, "robustness_moving_obstacles1": 0.34, "robustness_moving_obstacles2": 0.1}, "seed1_crea00045": {"speed_no_obs": 1.0184197515808293, "speed_obs": 0.8417378271601563, "robustness_obstacles": 1.0000000000000004, "robustness_moving_obstacles1": 0.1, "robustness_moving_obstacles2": 0.02}, "seed1_crea00068": {"speed_no_obs": 0.0012737342509969325, "speed_obs": 0.0007614537993444249, "robustness_obstacles": 1.0000000000000004, "robustness_moving_obstacles1": 0.06, "robustness_moving_obstacles2": 0.19999999999999998}, "seed1_crea00101": {"speed_no_obs": 0.005524353053412788, "speed_obs": 0.09078446141646343, "robustness_obstacles": 1.0000000000000004, "robustness_moving_obstacles1": 0.08, "robustness_moving_obstacles2": 0.16}, "seed1_crea00099": {"speed_no_obs": 2.1189911952174527, "speed_obs": 0.5611980944247891, "robustness_obstacles": 0.9400000000000005, "robustness_moving_obstacles1": 0.5200000000000001, "robustness_moving_obstacles2": 0}, "seed1_crea00043": {"speed_no_obs": 0.9559538072363121, "speed_obs": 0.3171021751653288, "robustness_obstacles": 0.8400000000000004, "robustness_moving_obstacles1": 0.1, "robustness_moving_obstacles2": 0.16}, "seed1_crea00072": {"speed_no_obs": 1.727502558348902, "speed_obs": 0.7899924761778931, "robustness_obstacles": 0.7600000000000003, "robustness_moving_obstacles1": 0.48000000000000015, "robustness_moving_obstacles2": 0.08}, "seed1_crea00125": {"speed_no_obs": 2.1661014866641795, "speed_obs": 0.09990007770549555, "robustness_obstacles": 0.48000000000000015, "robustness_moving_obstacles1": 0.5000000000000001, "robustness_moving_obstacles2": 0.06}, "seed1_crea00064": {"speed_no_obs": 1.5637474509098555, "speed_obs": 1.2779258850146995, "robustness_obstacles": 1.0000000000000004, "robustness_moving_obstacles1": 0.5000000000000001, "robustness_moving_obstacles2": 0.21999999999999997}, "seed1_crea00111": {"speed_no_obs": 1.6149145939751877, "speed_obs": 1.293839828953383, "robustness_obstacles": 0.9800000000000005, "robustness_moving_obstacles1": 0.36000000000000004, "robustness_moving_obstacles2": 0.02}, "seed1_crea00085": {"speed_no_obs": 1.9318358766224273, "speed_obs": 1.0346084361360275, "robustness_obstacles": 0.9200000000000005, "robustness_moving_obstacles1": 0.6600000000000003, "robustness_moving_obstacles2": 0.1}, "seed1_crea00095": {"speed_no_obs": 2.0411435318505955, "speed_obs": 0.8180598009119099, "robustness_obstacles": 1.0000000000000004, "robustness_moving_obstacles1": 0.9600000000000005, "robustness_moving_obstacles2": 0.7200000000000003}, "seed1_crea00133": {"speed_no_obs": 0.045018657071419575, "speed_obs": 0.04129877320035115, "robustness_obstacles": 1.0000000000000004, "robustness_moving_obstacles1": 0.4000000000000001, "robustness_moving_obstacles2": 0.14}, "seed1_crea00135": {"speed_no_obs": 2.2031781678630864, "speed_obs": 0.3983696334790821, "robustness_obstacles": 0.8800000000000004, "robustness_moving_obstacles1": 0.38000000000000006, "robustness_moving_obstacles2": 0.02}, "seed1_crea00123": {"speed_no_obs": 2.115306583282198, "speed_obs": 0.15958345397545595, "robustness_obstacles": 0.5800000000000002, "robustness_moving_obstacles1": 0.4400000000000001, "robustness_moving_obstacles2": 0}, "seed1_crea00138": {"speed_no_obs": 2.35441563957164, "speed_obs": 0.4177931221902285, "robustness_obstacles": 0.7800000000000004, "robustness_moving_obstacles1": 0.8600000000000004, "robustness_moving_obstacles2": 0.38000000000000006}, "seed1_crea00065": {"speed_no_obs": 1.7951700545510907, "speed_obs": 0.07946616395078579, "robustness_obstacles": 0.5600000000000002, "robustness_moving_obstacles1": 0.27999999999999997, "robustness_moving_obstacles2": 0.08}, "seed1_crea00119": {"speed_no_obs": 1.9628841370597385, "speed_obs": 1.3144753642537457, "robustness_obstacles": 1.0000000000000004, "robustness_moving_obstacles1": 0.48000000000000015, "robustness_moving_obstacles2": 0.06}, "seed1_crea00100": {"speed_no_obs": 2.1333643399271267, "speed_obs": 0.27991528010206745, "robustness_obstacles": 0.7600000000000003, "robustness_moving_obstacles1": 0.5800000000000002, "robustness_moving_obstacles2": 0.16}, "seed1_crea00041": {"speed_no_obs": 0.25385042123284707, "speed_obs": 0.29444071201092, "robustness_obstacles": 1.0000000000000004, "robustness_moving_obstacles1": 0.06, "robustness_moving_obstacles2": 0.08}, "seed1_crea00070": {"speed_no_obs": 1.9233452887110352, "speed_obs": 1.0009175117598292, "robustness_obstacles": 0.9600000000000005, "robustness_moving_obstacles1": 0.7000000000000003, "robustness_moving_obstacles2": 0.1}, "seed1_crea00112": {"speed_no_obs": 0.11888924333789624, "speed_obs": 0.11635290903529223, "robustness_obstacles": 1.0000000000000004, "robustness_moving_obstacles1": 0.18, "robustness_moving_obstacles2": 0.23999999999999996}, "seed1_crea00096": {"speed_no_obs": 2.6543099369497303, "speed_obs": 1.5111306277486318, "robustness_obstacles": 1.0000000000000004, "robustness_moving_obstacles1": 0.9800000000000005,