{"seed6_crea00092": {"speed_no_obs": 1.4025335673232147, "speed_obs": 0.0, "robustness_obstacles": 0, "robustness_moving_obstacles1": 0, "robustness_moving_obstacles2": 0}, "seed6_crea00137": {"speed_no_obs": 0.07988947166752634, "speed_obs": 0.06968267506930279, "robustness_obstacles": 0.9400000000000005, "robustness_moving_obstacles1": 0.02, "robustness_moving_obstacles2": 0.06}, "seed6_crea00117": {"speed_no_obs": 1.7695485536607451, "speed_obs": 0.0, "robustness_obstacles": 0, "robustness_moving_obstacles1": 0, "robustness_moving_obstacles2": 0}, "seed6_crea00081": {"speed_no_obs": 2.109193988684978, "speed_obs": 0.0019890515999229845, "robustness_obstacles": 0.9600000000000005, "robustness_moving_obstacles1": 0.1, "robustness_moving_obstacles2": 0.04}, "seed6_crea00121": {"speed_no_obs": 2.1591850263771883, "speed_obs": 0.0, "robustness_obstacles": 0, "robustness_moving_obstacles1": 0, "robustness_moving_obstacles2": 0}, "seed6_crea00147": {"speed_no_obs": 1.7739543595515967, "speed_obs": 0.0011460744346847385, "robustness_obstacles": 0.8800000000000004, "robustness_moving_obstacles1": 0.02, "robustness_moving_obstacles2": 0.02}, "seed6_crea00065": {"speed_no_obs": 2.2237846943718917, "speed_obs": 0.00011062111257157973, "robustness_obstacles": 0.04, "robustness_moving_obstacles1": 0, "robustness_moving_obstacles2": 0}, "seed6_crea00054": {"speed_no_obs": 1.996077583667403, "speed_obs": 0.0, "robustness_obstacles": 0, "robustness_moving_obstacles1": 0, "robustness_moving_obstacles2": 0}, "seed6_crea00002": {"speed_no_obs": 0.360090051625376, "speed_obs": 0.2779027959777736, "robustness_obstacles": 1.0000000000000004, "robustness_moving_obstacles1": 0.02, "robustness_moving_obstacles2": 0.12000000000000001}, "seed6_crea00040": {"speed_no_obs": 0.4198745242793553, "speed_obs": 0.21453815095308884, "robustness_obstacles": 0.5800000000000002, "robustness_moving_obstacles1": 0.04, "robustness_moving_obstacles2": 0.18}, "seed6_crea00087": {"speed_no_obs": 2.165188098882168, "speed_obs": 0.0, "robustness_obstacles": 0, "robustness_moving_obstacles1": 0, "robustness_moving_obstacles2": 0}, "seed6_crea00057": {"speed_no_obs": 1.8327991658829517, "speed_obs": 0.00010348465349180788, "robustness_obstacles": 0.06, "robustness_moving_obstacles1": 0, "robustness_moving_obstacles2": 0}, "seed6_crea00059": {"speed_no_obs": 2.1393483615357805, "speed_obs": 0.00013264154658932701, "robustness_obstacles": 0.06, "robustness_moving_obstacles1": 0, "robustness_moving_obstacles2": 0}, "seed6_crea00127": {"speed_no_obs": 2.055139471989466, "speed_obs": 0.011128862280724955, "robustness_obstacles": 0.6000000000000002, "robustness_moving_obstacles1": 0.06, "robustness_moving_obstacles2": 0.02}, "seed6_crea00140": {"speed_no_obs": 2.2856151312253763, "speed_obs": 0.0, "robustness_obstacles": 0, "robustness_moving_obstacles1": 0, "robustness_moving_obstacles2": 0}, "seed6_crea00116": {"speed_no_obs": 2.134872535881211, "speed_obs": 0.00201058128618994, "robustness_obstacles": 0.04, "robustness_moving_obstacles1": 0, "robustness_moving_obstacles2": 0}, "seed6_crea00131": {"speed_no_obs": 2.2706644566602745, "speed_obs": 0.00010845587761229041, "robustness_obstacles": 0.04, "robustness_moving_obstacles1": 0, "robustness_moving_obstacles2": 0}, "seed6_crea00151": {"speed_no_obs": 2.0011313137614133, "speed_obs": 0.00011473845624144805, "robustness_obstacles": 0.04, "robustness_moving_obstacles1": 0, "robustness_moving_obstacles2": 0}, "seed6_crea00080": {"speed_no_obs": 2.1302305544028326, "speed_obs": 0.0, "robustness_obstacles": 0, "robustness_moving_obstacles1": 0, "robustness_moving_obstacles2": 0}, "seed6_crea00100": {"speed_no_obs": 2.3304331293950025, "speed_obs": 0.0, "robustness_obstacles": 0, "robustness_moving_obstacles1": 0, "robustness_moving_obstacles2": 0}, "seed6_crea00112": {"speed_no_obs": 2.089808909417389, "speed_obs": 5.470327978175603e-05, "robustness_obstacles": 0.02, "robustness_moving_obstacles1": 0, "robustness_moving_obstacles2": 0}, "seed6_crea00066": {"speed_no_obs": 2.0912786006278625, "speed_obs": 0.00022770509596617915, "robustness_obstacles": 0.1, "robustness_moving_obstacles1": 0, "robustness_moving_obstacles2": 0}, "seed6_crea00075": {"speed_no_obs": 2.261636109876033, "speed_obs": 0.0, "robustness_obstacles": 0, "robustness_moving_obstacles1": 0, "robustness_moving_obstacles2": 0}, "seed6_crea00063": {"speed_no_obs": 1.7873016133735122, "speed_obs": 0.0, "robustness_obstacles": 0, "robustness_moving_obstacles1": 0, "robustness_moving_obstacles2": 0}, "seed6_crea00053": {"speed_no_obs": 2.1548979932302306, "speed_obs": 0.0, "robustness_obstacles": 0, "robustness_moving_obstacles1": 0, "robustness_moving_obstacles2": 0}, "seed6_crea00045": {"speed_no_obs": 1.862896668744571, "speed_obs": 0.0, "robustness_obstacles": 0, "robustness_moving_obstacles1": 0.02, "robustness_moving_obstacles2": 0}, "seed6_crea00105": {"speed_no_obs": 2.2052863146528576, "speed_obs": 4.325711623820568e-05, "robustness_obstacles": 0.02, "robustness_moving_obstacles1": 0, "robustness_moving_obstacles2": 0}, "seed6_crea00061": {"speed_no_obs": 2.141156605702036, "speed_obs": 0.00011455412342856079, "robustness_obstacles": 0.02, "robustness_moving_obstacles1": 0, "robustness_moving_obstacles2": 0}, "seed6_crea00153": {"speed_no_obs": 2.0515961612956075, "speed_obs": 0.0, "robustness_obstacles": 0, "robustness_moving_obstacles1": 0, "robustness_moving_obstacles2": 0}, "seed6_crea00067": {"speed_no_obs": 1.825321497235385, "speed_obs": 0.008614695967465492, "robustness_obstacles": 0.9200000000000005, "robustness_moving_obstacles1": 0.1, "robustness_moving_obstacles2": 0.12000000000000001}, "seed6_crea00143": {"speed_no_obs": 2.3336021347014575, "speed_obs": 5.898668557421503e-05, "robustness_obstacles": 0.04, "robustness_moving_obstacles1": 0, "robustness_moving_obstacles2": 0}, "seed6_crea00122": {"speed_no_obs": 2.0742481770452597, "speed_obs": 0.0006552317336484197, "robustness_obstacles": 0.14, "robustness_moving_obstacles1": 0, "robustness_moving_obstacles2": 0}, "seed6_crea00156": {"speed_no_obs": 2.374725035295035, "speed_obs": 4.912655595264488e-05, "robustness_obstacles": 0.02, "robustness_moving_obstacles1": 0, "robustness_moving_obstacles2": 0}, "seed6_crea00104": {"speed_no_obs": 2.4106897934916196, "speed_obs": 0.0003185940150706981, "robustness_obstacles": 0.06, "robustness_moving_obstacles1": 0, "robustness_moving_obstacles2": 0}, "seed6_crea00086": {"speed_no_obs": 2.0265564161132876, "speed_obs": 0.0, "robustness_obstacles": 0, "robustness_moving_obstacles1": 0, "robustness_moving_obstacles2": 0.02}, "seed6_crea00136": {"speed_no_obs": 2.0469295881949527, "speed_obs": 1.9484289050455024e-05, "robustness_obstacles": 0.02, "robustness_moving_obstacles1": 0, "robustness_moving_obstacles2": 0}, "seed6_crea00048": {"speed_no_obs": 2.050195614224561, "speed_obs": 1.21247738495091e-05, "robustness_obstacles": 0.02, "robustness_moving_obstacles1": 0, "robustness_moving_obstacles2": 0}, "seed6_crea00091": {"speed_no_obs": 1.9121301471112093, "speed_obs": 0.00010974271959951875, "robustness_obstacles": 0.04, "robustness_moving_obstacles1": 0, "robustness_moving_obstacles2": 0}, "seed6_crea00049": {"speed_no_obs": 1.5493118163142656, "speed_obs": 0.0, "robustness_obstacles": 0, "robustness_moving_obstacles1": 0, "robustness_moving_obstacles2": 0}, "seed6_crea00132": {"speed_no_obs": 1.9923843437981108, "speed_obs": 4.9840217295425174e-05, "robustness_obstacles": 0.02, "robustness_moving_obstacles1": 0, "robustness_moving_obstacles2": 0}, "seed6_crea00055": {"speed_no_obs": 2.2212958783570587, "speed_obs": 7.0012140466511e-05, "robustness_obstacles": 0.04, "robustness_moving_obstacles1": 0, "robustness_moving_obstacles2": 0}, "seed6_crea00145": {"speed_no_obs": 2.5320969812408287, "speed_obs": 0.0, "robustness_obstacles": 0, "robustness_moving_obstacles1": 0, "robustness_moving_obstacles2": 0}, "seed6_crea00044": {"speed_no_obs": 1.598449026807238, "speed_obs": 0.0,