{"seed3_crea00146": {"speed_no_obs": 0.05498307079352458, "speed_obs": 0.03208791197470143, "robustness_obstacles": 0.6800000000000003, "robustness_moving_obstacles1": 0, "robustness_moving_obstacles2": 0.04}, "seed3_crea00114": {"speed_no_obs": 0.6480445035550362, "speed_obs": 0.03191640968781401, "robustness_obstacles": 0.12000000000000001, "robustness_moving_obstacles1": 0, "robustness_moving_obstacles2": 0}, "seed3_crea00053": {"speed_no_obs": 0.007546259496206249, "speed_obs": 0.0072155549444001986, "robustness_obstacles": 1.0000000000000004, "robustness_moving_obstacles1": 0.04, "robustness_moving_obstacles2": 0.21999999999999997}, "seed3_crea00075": {"speed_no_obs": 0.05387739258195552, "speed_obs": 0.024430275943238204, "robustness_obstacles": 0.5400000000000001, "robustness_moving_obstacles1": 0, "robustness_moving_obstacles2": 0.02}, "seed3_crea00125": {"speed_no_obs": 0.05490153226910178, "speed_obs": 0.030982886685217658, "robustness_obstacles": 0.6800000000000003, "robustness_moving_obstacles1": 0, "robustness_moving_obstacles2": 0}, "seed3_crea00055": {"speed_no_obs": 0.05389014001388909, "speed_obs": 0.02113869993108198, "robustness_obstacles": 0.48000000000000015, "robustness_moving_obstacles1": 0, "robustness_moving_obstacles2": 0}, "seed3_crea00042": {"speed_no_obs": 0.06302955548716142, "speed_obs": 0.01995166914513065, "robustness_obstacles": 0.36000000000000004, "robustness_moving_obstacles1": 0, "robustness_moving_obstacles2": 0.02}, "seed3_crea00046": {"speed_no_obs": 0.5173414577380684, "speed_obs": 0.2226890785965395, "robustness_obstacles": 0.6400000000000002, "robustness_moving_obstacles1": 0, "robustness_moving_obstacles2": 0}, "seed3_crea00150": {"speed_no_obs": 0.05497831011375939, "speed_obs": 0.02748323673762373, "robustness_obstacles": 0.5800000000000002, "robustness_moving_obstacles1": 0, "robustness_moving_obstacles2": 0.02}, "seed3_crea00043": {"speed_no_obs": 0.05486182329528325, "speed_obs": 0.030478111268208527, "robustness_obstacles": 0.6600000000000003, "robustness_moving_obstacles1": 0, "robustness_moving_obstacles2": 0}, "seed3_crea00099": {"speed_no_obs": 0.05402441132560552, "speed_obs": 0.024349983769606134, "robustness_obstacles": 0.5200000000000001, "robustness_moving_obstacles1": 0, "robustness_moving_obstacles2": 0}, "seed3_crea00127": {"speed_no_obs": 0.08664828800827573, "speed_obs": 0.01182131566252117, "robustness_obstacles": 0.18, "robustness_moving_obstacles1": 0.02, "robustness_moving_obstacles2": 0.06}, "seed3_crea00145": {"speed_no_obs": 0.07328111379111862, "speed_obs": 0.019477651899567978, "robustness_obstacles": 0.32, "robustness_moving_obstacles1": 0, "robustness_moving_obstacles2": 0.04}, "seed3_crea00009": {"speed_no_obs": 3.599690222321702e-05, "speed_obs": 3.504891549293604e-05, "robustness_obstacles": 1.0000000000000004, "robustness_moving_obstacles1": 0.1, "robustness_moving_obstacles2": 0.12000000000000001}, "seed3_crea00065": {"speed_no_obs": 0.07206879518263686, "speed_obs": 0.0202507227615601, "robustness_obstacles": 0.34, "robustness_moving_obstacles1": 0, "robustness_moving_obstacles2": 0.02}, "seed3_crea00047": {"speed_no_obs": 0.5250973319687624, "speed_obs": 0.2712031393407811, "robustness_obstacles": 0.7600000000000003, "robustness_moving_obstacles1": 0, "robustness_moving_obstacles2": 0}, "seed3_crea00045": {"speed_no_obs": 0.5271486555651993, "speed_obs": 0.26460706035697135, "robustness_obstacles": 0.7600000000000003, "robustness_moving_obstacles1": 0, "robustness_moving_obstacles2": 0.02}, "seed3_crea00040": {"speed_no_obs": 0.43963595022061447, "speed_obs": 0.0, "robustness_obstacles": 0, "robustness_moving_obstacles1": 0, "robustness_moving_obstacles2": 0}}