{"seed4_crea00123": {"speed_no_obs": 1.6787240887118542, "speed_obs": 0.0004039370339953211, "robustness_obstacles": 0.12000000000000001, "robustness_moving_obstacles1": 0, "robustness_moving_obstacles2": 0}, "seed4_crea00092": {"speed_no_obs": 1.821359233913349, "speed_obs": 0.07155681915098545, "robustness_obstacles": 0.06, "robustness_moving_obstacles1": 0, "robustness_moving_obstacles2": 0.1}, "seed4_crea00132": {"speed_no_obs": 1.6772846599674593, "speed_obs": 0.0015689106321361969, "robustness_obstacles": 0.14, "robustness_moving_obstacles1": 0, "robustness_moving_obstacles2": 0}, "seed4_crea00049": {"speed_no_obs": 0.06627482786032939, "speed_obs": 0.041056165328451535, "robustness_obstacles": 1.0000000000000004, "robustness_moving_obstacles1": 0, "robustness_moving_obstacles2": 0.16}, "seed4_crea00044": {"speed_no_obs": 1.5606338752592452, "speed_obs": 0.0, "robustness_obstacles": 0, "robustness_moving_obstacles1": 0.02, "robustness_moving_obstacles2": 0.06}, "seed4_crea00017": {"speed_no_obs": 0.0001271537462992924, "speed_obs": 0.00012318062347849629, "robustness_obstacles": 1.0000000000000004, "robustness_moving_obstacles1": 0.12000000000000001, "robustness_moving_obstacles2": 0.18}, "seed4_crea00147": {"speed_no_obs": 0.0007930043006255096, "speed_obs": 0.0007877521068215807, "robustness_obstacles": 1.0000000000000004, "robustness_moving_obstacles1": 0.19999999999999998, "robustness_moving_obstacles2": 0.25999999999999995}, "seed4_crea00043": {"speed_no_obs": 1.2217458045724976, "speed_obs": 0.04331620987343683, "robustness_obstacles": 0.5400000000000001, "robustness_moving_obstacles1": 0.02, "robustness_moving_obstacles2": 0.02}, "seed4_crea00137": {"speed_no_obs": 1.861125566571335, "speed_obs": 0.0008158296440624923, "robustness_obstacles": 0.02, "robustness_moving_obstacles1": 0, "robustness_moving_obstacles2": 0.02}, "seed4_crea00090": {"speed_no_obs": 1.828484328112162, "speed_obs": 0.0, "robustness_obstacles": 0, "robustness_moving_obstacles1": 0, "robustness_moving_obstacles2": 0}, "seed4_crea00144": {"speed_no_obs": 0.0001345340865542083, "speed_obs": 0.00013273345754490353, "robustness_obstacles": 1.0000000000000004, "robustness_moving_obstacles1": 0.23999999999999996, "robustness_moving_obstacles2": 0.18}, "seed4_crea00062": {"speed_no_obs": 1.5692407763617489, "speed_obs": 0.0, "robustness_obstacles": 0, "robustness_moving_obstacles1": 0, "robustness_moving_obstacles2": 0}, "seed4_crea00037": {"speed_no_obs": 0.002581438049728017, "speed_obs": 0.002504532196763965, "robustness_obstacles": 1.0000000000000004, "robustness_moving_obstacles1": 0, "robustness_moving_obstacles2": 0.1}, "seed4_crea00070": {"speed_no_obs": 1.8089631694752404, "speed_obs": 0.0, "robustness_obstacles": 0, "robustness_moving_obstacles1": 0, "robustness_moving_obstacles2": 0}, "seed4_crea00094": {"speed_no_obs": 1.084262167109496, "speed_obs": 0.41632984014861446, "robustness_obstacles": 1.0000000000000004, "robustness_moving_obstacles1": 0.02, "robustness_moving_obstacles2": 0}, "seed4_crea00069": {"speed_no_obs": 0.0002451183351803101, "speed_obs": 0.00022894756296709513, "robustness_obstacles": 1.0000000000000004, "robustness_moving_obstacles1": 0.04, "robustness_moving_obstacles2": 0.18}, "seed4_crea00122": {"speed_no_obs": 1.7877651055359476, "speed_obs": 0.007267149723416792, "robustness_obstacles": 0.1, "robustness_moving_obstacles1": 0, "robustness_moving_obstacles2": 0}, "seed4_crea00086": {"speed_no_obs": 1.8240107890060369, "speed_obs": 0.0, "robustness_obstacles": 0, "robustness_moving_obstacles1": 0, "robustness_moving_obstacles2": 0}, "seed4_crea00066": {"speed_no_obs": 1.5267681638966615, "speed_obs": 0.0, "robustness_obstacles": 0, "robustness_moving_obstacles1": 0, "robustness_moving_obstacles2": 0.02}, "seed4_crea00040": {"speed_no_obs": 0.32541524056295, "speed_obs": 0.1414497159566759, "robustness_obstacles": 1.0000000000000004, "robustness_moving_obstacles1": 0.02, "robustness_moving_obstacles2": 0.18}, "seed4_crea00042": {"speed_no_obs": 0.6450602542047492, "speed_obs": 0.3594962431084402, "robustness_obstacles": 1.0000000000000004, "robustness_moving_obstacles1": 0.08, "robustness_moving_obstacles2": 0}, "seed4_crea00111": {"speed_no_obs": 1.7308699793505307, "speed_obs": 0.004768339951398897, "robustness_obstacles": 1.0000000000000004, "robustness_moving_obstacles1": 0.02, "robustness_moving_obstacles2": 0.08}, "seed4_crea00106": {"speed_no_obs": 1.827700000300307, "speed_obs": 0.002885837121146864, "robustness_obstacles": 0.08, "robustness_moving_obstacles1": 0.02, "robustness_moving_obstacles2": 0.04}, "seed4_crea00102": {"speed_no_obs": 1.0904476880035419, "speed_obs": 0.12002218119104688, "robustness_obstacles": 0.34, "robustness_moving_obstacles1": 0.06, "robustness_moving_obstacles2": 0.06}, "seed4_crea00153": {"speed_no_obs": 0.28098551562066754, "speed_obs": 0.16312833404617108, "robustness_obstacles": 0.9600000000000005, "robustness_moving_obstacles1": 0, "robustness_moving_obstacles2": 0}, "seed4_crea00120": {"speed_no_obs": 0.00039681525543556605, "speed_obs": 0.0007313142393499788, "robustness_obstacles": 0.9200000000000005, "robustness_moving_obstacles1": 0, "robustness_moving_obstacles2": 0.14}, "seed4_crea00068": {"speed_no_obs": 1.5199390546646299, "speed_obs": 0.001149028877713441, "robustness_obstacles": 0.02, "robustness_moving_obstacles1": 0, "robustness_moving_obstacles2": 0}, "seed4_crea00056": {"speed_no_obs": 1.6002880541929485, "speed_obs": 0.0, "robustness_obstacles": 0, "robustness_moving_obstacles1": 0, "robustness_moving_obstacles2": 0}, "seed4_crea00133": {"speed_no_obs": 1.67401700666306, "speed_obs": 0.0, "robustness_obstacles": 0, "robustness_moving_obstacles1": 0, "robustness_moving_obstacles2": 0}, "seed4_crea00067": {"speed_no_obs": 1.6923609688908439, "speed_obs": 0.0, "robustness_obstacles": 0, "robustness_moving_obstacles1": 0, "robustness_moving_obstacles2": 0}, "seed4_crea00051": {"speed_no_obs": 1.5030386141752328, "speed_obs": 0.0, "robustness_obstacles": 0, "robustness_moving_obstacles1": 0, "robustness_moving_obstacles2": 0.02}, "seed4_crea00087": {"speed_no_obs": 0.0007273154503074203, "speed_obs": 0.0007065158787342221, "robustness_obstacles": 1.0000000000000004, "robustness_moving_obstacles1": 0.21999999999999997, "robustness_moving_obstacles2": 0.19999999999999998}, "seed4_crea00134": {"speed_no_obs": 1.6571499738911966, "speed_obs": 0.0, "robustness_obstacles": 0, "robustness_moving_obstacles1": 0, "robustness_moving_obstacles2": 0}, "seed4_crea00119": {"speed_no_obs": 0.44536893210674966, "speed_obs": 0.2849174364589418, "robustness_obstacles": 0.9800000000000005, "robustness_moving_obstacles1": 0, "robustness_moving_obstacles2": 0}, "seed4_crea00041": {"speed_no_obs": 0.444965427852718, "speed_obs": 0.22098745177178145, "robustness_obstacles": 1.0000000000000004, "robustness_moving_obstacles1": 0.02, "robustness_moving_obstacles2": 0.08}}