{"seed8_crea00148": {"speed_no_obs": 2.072648125868308, "speed_obs": 0.005002493523314405, "robustness_obstacles": 0.02, "robustness_moving_obstacles1": 0.02, "robustness_moving_obstacles2": 0}, "seed8_crea00074": {"speed_no_obs": 1.4153035311012103, "speed_obs": 0.17483345792201482, "robustness_obstacles": 0.9400000000000005, "robustness_moving_obstacles1": 0.04, "robustness_moving_obstacles2": 0}, "seed8_crea00100": {"speed_no_obs": 1.845209766536295, "speed_obs": 0.04195632228333853, "robustness_obstacles": 0.36000000000000004, "robustness_moving_obstacles1": 0.02, "robustness_moving_obstacles2": 0}, "seed8_crea00130": {"speed_no_obs": 1.9363407897467892, "speed_obs": 0.02263944228775597, "robustness_obstacles": 0.5200000000000001, "robustness_moving_obstacles1": 0.04, "robustness_moving_obstacles2": 0}, "seed8_crea00138": {"speed_no_obs": 1.9693635967502046, "speed_obs": 0.015749250204801446, "robustness_obstacles": 0.12000000000000001, "robustness_moving_obstacles1": 0, "robustness_moving_obstacles2": 0}, "seed8_crea00137": {"speed_no_obs": 1.9329834721293213, "speed_obs": 0.05584101742908134, "robustness_obstacles": 0.23999999999999996, "robustness_moving_obstacles1": 0.16, "robustness_moving_obstacles2": 0}, "seed8_crea00135": {"speed_no_obs": 2.200826610831814, "speed_obs": 0.00515673021668708, "robustness_obstacles": 0.04, "robustness_moving_obstacles1": 0.02, "robustness_moving_obstacles2": 0}, "seed8_crea00090": {"speed_no_obs": 1.8933886913903284, "speed_obs": 0.04114472419674358, "robustness_obstacles": 0.23999999999999996, "robustness_moving_obstacles1": 0, "robustness_moving_obstacles2": 0}, "seed8_crea00108": {"speed_no_obs": 1.8080375597016234, "speed_obs": 0.014342594439294745, "robustness_obstacles": 0.12000000000000001, "robustness_moving_obstacles1": 0, "robustness_moving_obstacles2": 0}, "seed8_crea00041": {"speed_no_obs": 0.6851939287741138, "speed_obs": 0.09070456962485167, "robustness_obstacles": 1.0000000000000004, "robustness_moving_obstacles1": 0.02, "robustness_moving_obstacles2": 0.02}, "seed8_crea00040": {"speed_no_obs": 0.3914949498711425, "speed_obs": 0.12671257003331404, "robustness_obstacles": 1.0000000000000004, "robustness_moving_obstacles1": 0, "robustness_moving_obstacles2": 0}, "seed8_crea00048": {"speed_no_obs": 1.465667770286468, "speed_obs": 0.0, "robustness_obstacles": 0, "robustness_moving_obstacles1": 0, "robustness_moving_obstacles2": 0}, "seed8_crea00121": {"speed_no_obs": 1.751164278069913, "speed_obs": 0.26525022108699403, "robustness_obstacles": 0.8800000000000004, "robustness_moving_obstacles1": 0.19999999999999998, "robustness_moving_obstacles2": 0}, "seed8_crea00078": {"speed_no_obs": 1.633102254845812, "speed_obs": 0.1987028132623016, "robustness_obstacles": 0.9800000000000005, "robustness_moving_obstacles1": 0.04, "robustness_moving_obstacles2": 0}, "seed8_crea00122": {"speed_no_obs": 2.0215941143120943, "speed_obs": 0.0039022029039374384, "robustness_obstacles": 0.02, "robustness_moving_obstacles1": 0, "robustness_moving_obstacles2": 0}, "seed8_crea00120": {"speed_no_obs": 1.9360502966402464, "speed_obs": 0.017329138901097874, "robustness_obstacles": 0.12000000000000001, "robustness_moving_obstacles1": 0, "robustness_moving_obstacles2": 0}, "seed8_crea00071": {"speed_no_obs": 1.5610239552684186, "speed_obs": 0.09554574115870183, "robustness_obstacles": 0.9200000000000005, "robustness_moving_obstacles1": 0.02, "robustness_moving_obstacles2": 0}, "seed8_crea00079": {"speed_no_obs": 1.6463483522589897, "speed_obs": 0.015935037618223177, "robustness_obstacles": 0.19999999999999998, "robustness_moving_obstacles1": 0, "robustness_moving_obstacles2": 0}, "seed8_crea00157": {"speed_no_obs": 1.946253944726401, "speed_obs": 0.02283053437555852, "robustness_obstacles": 0.06, "robustness_moving_obstacles1": 0, "robustness_moving_obstacles2": 0}, "seed8_crea00128": {"speed_no_obs": 1.9831247771401377, "speed_obs": 0.020124125016046792, "robustness_obstacles": 0.21999999999999997, "robustness_moving_obstacles1": 0.02, "robustness_moving_obstacles2": 0}, "seed8_crea00116": {"speed_no_obs": 1.9440028581460538, "speed_obs": 0.049971859543602094, "robustness_obstacles": 0.32, "robustness_moving_obstacles1": 0.02, "robustness_moving_obstacles2": 0}, "seed8_crea00131": {"speed_no_obs": 2.0408340386175796, "speed_obs": 0.0, "robustness_obstacles": 0, "robustness_moving_obstacles1": 0, "robustness_moving_obstacles2": 0}, "seed8_crea00144": {"speed_no_obs": 1.679579377284081, "speed_obs": 0.04132139260202395, "robustness_obstacles": 0.25999999999999995, "robustness_moving_obstacles1": 0.06, "robustness_moving_obstacles2": 0}, "seed8_crea00123": {"speed_no_obs": 2.1170124017168312, "speed_obs": 0.04190758651629261, "robustness_obstacles": 0.32, "robustness_moving_obstacles1": 0, "robustness_moving_obstacles2": 0}, "seed8_crea00080": {"speed_no_obs": 1.659505067865954, "speed_obs": 0.05314047173224282, "robustness_obstacles": 0.21999999999999997, "robustness_moving_obstacles1": 0.02, "robustness_moving_obstacles2": 0}, "seed8_crea00114": {"speed_no_obs": 2.0726388938020164, "speed_obs": 0.01761087327732494, "robustness_obstacles": 0.12000000000000001, "robustness_moving_obstacles1": 0, "robustness_moving_obstacles2": 0}, "seed8_crea00094": {"speed_no_obs": 1.8238524621073744, "speed_obs": 0.0069328249200671065, "robustness_obstacles": 0.1, "robustness_moving_obstacles1": 0, "robustness_moving_obstacles2": 0}, "seed8_crea00064": {"speed_no_obs": 1.5019907474380856, "speed_obs": 0.0, "robustness_obstacles": 0, "robustness_moving_obstacles1": 0, "robustness_moving_obstacles2": 0}, "seed8_crea00126": {"speed_no_obs": 2.053962310423803, "speed_obs": 0.026573299133188177, "robustness_obstacles": 0.21999999999999997, "robustness_moving_obstacles1": 0.02, "robustness_moving_obstacles2": 0}, "seed8_crea00095": {"speed_no_obs": 1.9661395393672725, "speed_obs": 0.0026422537515379822, "robustness_obstacles": 0.02, "robustness_moving_obstacles1": 0, "robustness_moving_obstacles2": 0}, "seed8_crea00156": {"speed_no_obs": 1.9375223469774023, "speed_obs": 0.14001089687632604, "robustness_obstacles": 0.34, "robustness_moving_obstacles1": 0, "robustness_moving_obstacles2": 0.02}, "seed8_crea00110": {"speed_no_obs": 1.912571791637134, "speed_obs": 0.03170382027889237, "robustness_obstacles": 0.25999999999999995, "robustness_moving_obstacles1": 0.04, "robustness_moving_obstacles2": 0}, "seed8_crea00092": {"speed_no_obs": 0.43681884159991297, "speed_obs": 0.24624001469542148, "robustness_obstacles": 0.8400000000000004, "robustness_moving_obstacles1": 0, "robustness_moving_obstacles2": 0}, "seed8_crea00091": {"speed_no_obs": 1.8920546476021083, "speed_obs": 0.009836976847584292, "robustness_obstacles": 0.08, "robustness_moving_obstacles1": 0, "robustness_moving_obstacles2": 0}, "seed8_crea00132": {"speed_no_obs": 1.9472841647499, "speed_obs": 0.0012603853082380266, "robustness_obstacles": 0.21999999999999997, "robustness_moving_obstacles1": 0, "robustness_moving_obstacles2": 0}, "seed8_crea00109": {"speed_no_obs": 0.6214458750653258, "speed_obs": 0.20797683938663128, "robustness_obstacles": 1.0000000000000004, "robustness_moving_obstacles1": 0, "robustness_moving_obstacles2": 0}, "seed8_crea00042": {"speed_no_obs": 0.9578890876132268, "speed_obs": 0.02038747810109419, "robustness_obstacles": 0.8400000000000004, "robustness_moving_obstacles1": 0, "robustness_moving_obstacles2": 0}, "seed8_crea00111": {"speed_no_obs": 1.8354067277130883, "speed_obs": 0.07259185104897531, "robustness_obstacles": 0.7400000000000003, "robustness_moving_obstacles1": 0.12000000000000001, "robustness_moving_obstacles2": 0}, "seed8_crea00143": {"speed_no_obs": 2.2975886388952858, "speed_obs": 0.0015612182592665883, "robustness_obstacles": 0.06, "robustness_moving_obstacles1": 0, "robustness_moving_obstacles2": 0}, "seed8_crea00061": {"speed_no_obs": 1.3894648476806408, "speed_obs": 0.0, "robustness_obstacles": 0, "robustness_moving_obstacles1": 0,