{"seed7_crea00068": {"speed_no_obs": 2.1437125398716494, "speed_obs": 0.13565247781662743, "robustness_obstacles": 0.1, "robustness_moving_obstacles1": 0.25999999999999995, "robustness_moving_obstacles2": 0.12000000000000001}, "seed7_crea00062": {"speed_no_obs": 0.18370796356618224, "speed_obs": 0.2614516543510152, "robustness_obstacles": 1.0000000000000004, "robustness_moving_obstacles1": 0.06, "robustness_moving_obstacles2": 0.08}, "seed7_crea00061": {"speed_no_obs": 2.0264703845283187, "speed_obs": 0.0021951269469539718, "robustness_obstacles": 0.02, "robustness_moving_obstacles1": 0, "robustness_moving_obstacles2": 0}, "seed7_crea00130": {"speed_no_obs": 2.099260983439655, "speed_obs": 0.10727719651802939, "robustness_obstacles": 0.1, "robustness_moving_obstacles1": 0.08, "robustness_moving_obstacles2": 0.02}, "seed7_crea00105": {"speed_no_obs": 2.782191264656356, "speed_obs": 0.008371948632598648, "robustness_obstacles": 0.06, "robustness_moving_obstacles1": 0, "robustness_moving_obstacles2": 0.02}, "seed7_crea00052": {"speed_no_obs": 0.41052354855358975, "speed_obs": 0.07854027043638974, "robustness_obstacles": 0.23999999999999996, "robustness_moving_obstacles1": 0, "robustness_moving_obstacles2": 0}, "seed7_crea00111": {"speed_no_obs": 2.8925883809970605, "speed_obs": 0.01169611044535316, "robustness_obstacles": 0.06, "robustness_moving_obstacles1": 0, "robustness_moving_obstacles2": 0}, "seed7_crea00118": {"speed_no_obs": 2.0465628205762942, "speed_obs": 0.08605195707062216, "robustness_obstacles": 0.08, "robustness_moving_obstacles1": 0.04, "robustness_moving_obstacles2": 0}, "seed7_crea00060": {"speed_no_obs": 2.632629279696359, "speed_obs": 0.0033639440470350813, "robustness_obstacles": 0.02, "robustness_moving_obstacles1": 0, "robustness_moving_obstacles2": 0}, "seed7_crea00158": {"speed_no_obs": 3.0087151980439004, "speed_obs": 0.0, "robustness_obstacles": 0, "robustness_moving_obstacles1": 0.04, "robustness_moving_obstacles2": 0}, "seed7_crea00087": {"speed_no_obs": 1.8045848099685533, "speed_obs": 0.8080778850145933, "robustness_obstacles": 0.6800000000000003, "robustness_moving_obstacles1": 0.19999999999999998, "robustness_moving_obstacles2": 0.12000000000000001}, "seed7_crea00119": {"speed_no_obs": 2.229636686702595, "speed_obs": 0.01461118769928405, "robustness_obstacles": 0.5200000000000001, "robustness_moving_obstacles1": 0.02, "robustness_moving_obstacles2": 0.04}, "seed7_crea00115": {"speed_no_obs": 2.788775728222596, "speed_obs": 0.0, "robustness_obstacles": 0, "robustness_moving_obstacles1": 0, "robustness_moving_obstacles2": 0}, "seed7_crea00090": {"speed_no_obs": 2.8493276746679177, "speed_obs": 0.05450231516197301, "robustness_obstacles": 0.02, "robustness_moving_obstacles1": 0.02, "robustness_moving_obstacles2": 0}, "seed7_crea00093": {"speed_no_obs": 2.453694629002756, "speed_obs": 0.6077420958794637, "robustness_obstacles": 0.34, "robustness_moving_obstacles1": 0.1, "robustness_moving_obstacles2": 0.02}, "seed7_crea00150": {"speed_no_obs": 2.766696859106961, "speed_obs": 0.6292190380039375, "robustness_obstacles": 0.38000000000000006, "robustness_moving_obstacles1": 0.1, "robustness_moving_obstacles2": 0.02}, "seed7_crea00070": {"speed_no_obs": 2.8511188295386587, "speed_obs": 0.060804368825553595, "robustness_obstacles": 0.19999999999999998, "robustness_moving_obstacles1": 0, "robustness_moving_obstacles2": 0}, "seed7_crea00103": {"speed_no_obs": 2.554829884545721, "speed_obs": 0.0734998623769096, "robustness_obstacles": 0.12000000000000001, "robustness_moving_obstacles1": 0.04, "robustness_moving_obstacles2": 0.04}, "seed7_crea00154": {"speed_no_obs": 1.879665437822766, "speed_obs": 0.03153086576138343, "robustness_obstacles": 0.02, "robustness_moving_obstacles1": 0.02, "robustness_moving_obstacles2": 0}, "seed7_crea00104": {"speed_no_obs": 2.4599993872353147, "speed_obs": 0.1339099736005222, "robustness_obstacles": 0.06, "robustness_moving_obstacles1": 0.02, "robustness_moving_obstacles2": 0}, "seed7_crea00155": {"speed_no_obs": 2.7408229310334242, "speed_obs": 0.0003015800470726111, "robustness_obstacles": 0.02, "robustness_moving_obstacles1": 0, "robustness_moving_obstacles2": 0}, "seed7_crea00126": {"speed_no_obs": 0.3200374888101236, "speed_obs": 0.1800909404709363, "robustness_obstacles": 0.5400000000000001, "robustness_moving_obstacles1": 0, "robustness_moving_obstacles2": 0}, "seed7_crea00081": {"speed_no_obs": 2.8722182669194036, "speed_obs": 0.10368619276567159, "robustness_obstacles": 0.08, "robustness_moving_obstacles1": 0.04, "robustness_moving_obstacles2": 0.02}, "seed7_crea00053": {"speed_no_obs": 2.708962739978316, "speed_obs": 0.1963820071130843, "robustness_obstacles": 0.1, "robustness_moving_obstacles1": 0, "robustness_moving_obstacles2": 0}, "seed7_crea00069": {"speed_no_obs": 2.6203676855529148, "speed_obs": 0.050705209478387414, "robustness_obstacles": 0.06, "robustness_moving_obstacles1": 0, "robustness_moving_obstacles2": 0}, "seed7_crea00124": {"speed_no_obs": 2.364971980421301, "speed_obs": 0.033837990627946894, "robustness_obstacles": 0.02, "robustness_moving_obstacles1": 0.02, "robustness_moving_obstacles2": 0.06}, "seed7_crea00102": {"speed_no_obs": 2.417419385980293, "speed_obs": 0.07655134340846603, "robustness_obstacles": 0.04, "robustness_moving_obstacles1": 0.02, "robustness_moving_obstacles2": 0.02}, "seed7_crea00146": {"speed_no_obs": 2.727430014132707, "speed_obs": 0.0, "robustness_obstacles": 0, "robustness_moving_obstacles1": 0, "robustness_moving_obstacles2": 0}, "seed7_crea00076": {"speed_no_obs": 1.8589345391902046, "speed_obs": 0.8635377134838831, "robustness_obstacles": 0.8400000000000004, "robustness_moving_obstacles1": 0.04, "robustness_moving_obstacles2": 0.02}, "seed7_crea00140": {"speed_no_obs": 2.880588787218502, "speed_obs": 0.38099607454535833, "robustness_obstacles": 0.18, "robustness_moving_obstacles1": 0.04, "robustness_moving_obstacles2": 0.08}}