{"seed0_crea00136": {"speed_no_obs": 0.0005561727510841468, "speed_obs": 0.0005460078007709386, "robustness_obstacles": 1.0000000000000004, "robustness_moving_obstacles1": 0.06, "robustness_moving_obstacles2": 0.23999999999999996}, "seed0_crea00154": {"speed_no_obs": 0.22715013599306322, "speed_obs": 0.1795769617450948, "robustness_obstacles": 1.0000000000000004, "robustness_moving_obstacles1": 0.02, "robustness_moving_obstacles2": 0.08}}