{"seed3_crea00089": {"speed_no_obs": 0.3565626289966375, "speed_obs": 0.04895094454343312, "robustness_obstacles": 0.9800000000000005, "robustness_moving_obstacles1": 0, "robustness_moving_obstacles2": 0}, "seed3_crea00153": {"speed_no_obs": 0.2271048670586379, "speed_obs": 0.046635251062925834, "robustness_obstacles": 1.0000000000000004, "robustness_moving_obstacles1": 0, "robustness_moving_obstacles2": 0}, "seed3_crea00051": {"speed_no_obs": 0.0038906105692694416, "speed_obs": 0.0072939239933503255, "robustness_obstacles": 1.0000000000000004, "robustness_moving_obstacles1": 0.14, "robustness_moving_obstacles2": 0.25999999999999995}, "seed3_crea00087": {"speed_no_obs": 0.43748061767176044, "speed_obs": 0.13446303983417673, "robustness_obstacles": 1.0000000000000004, "robustness_moving_obstacles1": 0, "robustness_moving_obstacles2": 0}, "seed3_crea00074": {"speed_no_obs": 0.11012294858839529, "speed_obs": 0.16753000067083046, "robustness_obstacles": 1.0000000000000004, "robustness_moving_obstacles1": 0.06, "robustness_moving_obstacles2": 0.18}, "seed3_crea00052": {"speed_no_obs": 0.17591210874965138, "speed_obs": 0.2292332487993734, "robustness_obstacles": 0.9400000000000005, "robustness_moving_obstacles1": 0.04, "robustness_moving_obstacles2": 0}, "seed3_crea00133": {"speed_no_obs": 0.35611933226753834, "speed_obs": 0.0, "robustness_obstacles": 0, "robustness_moving_obstacles1": 0, "robustness_moving_obstacles2": 0}, "seed3_crea00130": {"speed_no_obs": 0.00037114259453486316, "speed_obs": 0.00036668919217651045, "robustness_obstacles": 1.0000000000000004, "robustness_moving_obstacles1": 0.12000000000000001, "robustness_moving_obstacles2": 0.34}, "seed3_crea00129": {"speed_no_obs": 0.1308477080786387, "speed_obs": 0.008653228941907232, "robustness_obstacles": 0.16, "robustness_moving_obstacles1": 0, "robustness_moving_obstacles2": 0}, "seed3_crea00049": {"speed_no_obs": 0.009218779843280392, "speed_obs": 0.009213930990181975, "robustness_obstacles": 1.0000000000000004, "robustness_moving_obstacles1": 0.04, "robustness_moving_obstacles2": 0.19999999999999998}, "seed3_crea00077": {"speed_no_obs": 0.4800950097848294, "speed_obs": 0.17511770309218325, "robustness_obstacles": 1.0000000000000004, "robustness_moving_obstacles1": 0, "robustness_moving_obstacles2": 0}, "seed3_crea00107": {"speed_no_obs": 0.0009744668134809133, "speed_obs": 0.0009486159954494985, "robustness_obstacles": 1.0000000000000004, "robustness_moving_obstacles1": 0.06, "robustness_moving_obstacles2": 0.18}, "seed3_crea00141": {"speed_no_obs": 0.22670750449607402, "speed_obs": 0.22493803263767095, "robustness_obstacles": 1.0000000000000004, "robustness_moving_obstacles1": 0.02, "robustness_moving_obstacles2": 0.02}, "seed3_crea00048": {"speed_no_obs": 0.0006842242329438484, "speed_obs": 0.003317621256600507, "robustness_obstacles": 1.0000000000000004, "robustness_moving_obstacles1": 0.06, "robustness_moving_obstacles2": 0.23999999999999996}, "seed3_crea00127": {"speed_no_obs": 0.4058851566471091, "speed_obs": 0.2497703746664609, "robustness_obstacles": 1.0000000000000004, "robustness_moving_obstacles1": 0, "robustness_moving_obstacles2": 0.02}, "seed3_crea00054": {"speed_no_obs": 0.4406415938582417, "speed_obs": 0.25618180107216837, "robustness_obstacles": 1.0000000000000004, "robustness_moving_obstacles1": 0, "robustness_moving_obstacles2": 0}, "seed3_crea00093": {"speed_no_obs": 0.00463708060310908, "speed_obs": 0.004633598273814152, "robustness_obstacles": 1.0000000000000004, "robustness_moving_obstacles1": 0.06, "robustness_moving_obstacles2": 0.18}, "seed3_crea00145": {"speed_no_obs": 0.17349077331432608, "speed_obs": 0.11407135891632449, "robustness_obstacles": 0.8000000000000004, "robustness_moving_obstacles1": 0, "robustness_moving_obstacles2": 0.02}, "seed3_crea00096": {"speed_no_obs": 0.250307007056168, "speed_obs": 0.04084111546992793, "robustness_obstacles": 1.0000000000000004, "robustness_moving_obstacles1": 0, "robustness_moving_obstacles2": 0}, "seed3_crea00108": {"speed_no_obs": 0.37973110207036526, "speed_obs": 0.29280076961860835, "robustness_obstacles": 1.0000000000000004, "robustness_moving_obstacles1": 0.1, "robustness_moving_obstacles2": 0.14}, "seed3_crea00137": {"speed_no_obs": 0.09763865636464113, "speed_obs": 0.06520294750069336, "robustness_obstacles": 1.0000000000000004, "robustness_moving_obstacles1": 0.08, "robustness_moving_obstacles2": 0.25999999999999995}, "seed3_crea00116": {"speed_no_obs": 0.14605061373697842, "speed_obs": 0.02112661470008949, "robustness_obstacles": 1.0000000000000004, "robustness_moving_obstacles1": 0.04, "robustness_moving_obstacles2": 0.02}, "seed3_crea00131": {"speed_no_obs": 0.0018780294060112307, "speed_obs": 0.0018711262831745872, "robustness_obstacles": 1.0000000000000004, "robustness_moving_obstacles1": 0.18, "robustness_moving_obstacles2": 0.21999999999999997}, "seed3_crea00009": {"speed_no_obs": 3.599690222321702e-05, "speed_obs": 3.504891549293604e-05, "robustness_obstacles": 1.0000000000000004, "robustness_moving_obstacles1": 0.04, "robustness_moving_obstacles2": 0.12000000000000001}, "seed3_crea00047": {"speed_no_obs": 0.44316644498107977, "speed_obs": 0.155248033750072, "robustness_obstacles": 0.36000000000000004, "robustness_moving_obstacles1": 0, "robustness_moving_obstacles2": 0}, "seed3_crea00139": {"speed_no_obs": 0.33732430761444304, "speed_obs": 0.15012499446554095, "robustness_obstacles": 0.5400000000000001, "robustness_moving_obstacles1": 0.06, "robustness_moving_obstacles2": 0.1}, "seed3_crea00143": {"speed_no_obs": 0.41244171147283587, "speed_obs": 0.4051316985401126, "robustness_obstacles": 1.0000000000000004, "robustness_moving_obstacles1": 0, "robustness_moving_obstacles2": 0.08}, "seed3_crea00060": {"speed_no_obs": 0.538748484197978, "speed_obs": 0.014858776771071938, "robustness_obstacles": 0.4200000000000001, "robustness_moving_obstacles1": 0, "robustness_moving_obstacles2": 0}, "seed3_crea00155": {"speed_no_obs": 0.40822764223342434, "speed_obs": 0.16124887407547248, "robustness_obstacles": 0.4000000000000001, "robustness_moving_obstacles1": 0, "robustness_moving_obstacles2": 0}, "seed3_crea00147": {"speed_no_obs": 0.06469796802562369, "speed_obs": 0.05746194915258838, "robustness_obstacles": 1.0000000000000004, "robustness_moving_obstacles1": 0.02, "robustness_moving_obstacles2": 0.18}}