{"seed6_crea00056": {"speed_no_obs": 1.164177105384945, "speed_obs": 1.0199274756686312, "robustness_obstacles": 1.0000000000000004, "robustness_moving_obstacles1": 0.5000000000000001, "robustness_moving_obstacles2": 0.16}, "seed6_crea00146": {"speed_no_obs": 0.7256460513070356, "speed_obs": 0.4062505965164037, "robustness_obstacles": 0.9400000000000005, "robustness_moving_obstacles1": 0.02, "robustness_moving_obstacles2": 0.16}, "seed6_crea00137": {"speed_no_obs": 0.5323612531329527, "speed_obs": 0.38085802934699525, "robustness_obstacles": 1.0000000000000004, "robustness_moving_obstacles1": 0, "robustness_moving_obstacles2": 0}, "seed6_crea00147": {"speed_no_obs": 0.00035530090531677344, "speed_obs": 0.00034587812635274997, "robustness_obstacles": 1.0000000000000004, "robustness_moving_obstacles1": 0.14, "robustness_moving_obstacles2": 0.25999999999999995}, "seed6_crea00098": {"speed_no_obs": 1.1138016015494976, "speed_obs": 0.03754668992474497, "robustness_obstacles": 1.0000000000000004, "robustness_moving_obstacles1": 0.7000000000000003, "robustness_moving_obstacles2": 0.21999999999999997}, "seed6_crea00065": {"speed_no_obs": 0.9740203072293572, "speed_obs": 0.04792027194686145, "robustness_obstacles": 1.0000000000000004, "robustness_moving_obstacles1": 0.7000000000000003, "robustness_moving_obstacles2": 0.14}, "seed6_crea00054": {"speed_no_obs": 0.0009075742171275611, "speed_obs": 0.0008977151538501494, "robustness_obstacles": 1.0000000000000004, "robustness_moving_obstacles1": 0.08, "robustness_moving_obstacles2": 0.12000000000000001}, "seed6_crea00002": {"speed_no_obs": 0.360090051625376, "speed_obs": 0.2796484435851249, "robustness_obstacles": 1.0000000000000004, "robustness_moving_obstacles1": 0.04, "robustness_moving_obstacles2": 0.12000000000000001}, "seed6_crea00084": {"speed_no_obs": 1.0787263497302852, "speed_obs": 0.8552075960338077, "robustness_obstacles": 1.0000000000000004, "robustness_moving_obstacles1": 0.34, "robustness_moving_obstacles2": 0.19999999999999998}, "seed6_crea00087": {"speed_no_obs": 1.32222118437065, "speed_obs": 0.1008947077351004, "robustness_obstacles": 1.0000000000000004, "robustness_moving_obstacles1": 0.14, "robustness_moving_obstacles2": 0.3}, "seed6_crea00072": {"speed_no_obs": 0.00012919416670533534, "speed_obs": 0.00012552952301276584, "robustness_obstacles": 1.0000000000000004, "robustness_moving_obstacles1": 0.25999999999999995, "robustness_moving_obstacles2": 0.3}, "seed6_crea00068": {"speed_no_obs": 0.25217366164734956, "speed_obs": 0.21607170900760422, "robustness_obstacles": 1.0000000000000004, "robustness_moving_obstacles1": 0.06, "robustness_moving_obstacles2": 0.14}, "seed6_crea00109": {"speed_no_obs": 0.002116363853708877, "speed_obs": 0.0021171726913635546, "robustness_obstacles": 1.0000000000000004, "robustness_moving_obstacles1": 0.18, "robustness_moving_obstacles2": 0.25999999999999995}, "seed6_crea00140": {"speed_no_obs": 1.3386929564289467, "speed_obs": 0.017180073958442642, "robustness_obstacles": 1.0000000000000004, "robustness_moving_obstacles1": 0, "robustness_moving_obstacles2": 0.1}, "seed6_crea00076": {"speed_no_obs": 6.483676207675095e-05, "speed_obs": 6.375241932165141e-05, "robustness_obstacles": 1.0000000000000004, "robustness_moving_obstacles1": 0.14, "robustness_moving_obstacles2": 0.3}, "seed6_crea00119": {"speed_no_obs": 0.0013138587938195082, "speed_obs": 0.0013092201991634748, "robustness_obstacles": 1.0000000000000004, "robustness_moving_obstacles1": 0.08, "robustness_moving_obstacles2": 0.3}, "seed6_crea00080": {"speed_no_obs": 0.8831696301093913, "speed_obs": 0.357323708031628, "robustness_obstacles": 1.0000000000000004, "robustness_moving_obstacles1": 0.16, "robustness_moving_obstacles2": 0.08}, "seed6_crea00154": {"speed_no_obs": 1.181991620032038, "speed_obs": 0.0032458033527059775, "robustness_obstacles": 0.38000000000000006, "robustness_moving_obstacles1": 0, "robustness_moving_obstacles2": 0}, "seed6_crea00126": {"speed_no_obs": 0.0005035593956512581, "speed_obs": 0.002233290978153686, "robustness_obstacles": 1.0000000000000004, "robustness_moving_obstacles1": 0.1, "robustness_moving_obstacles2": 0.19999999999999998}, "seed6_crea00112": {"speed_no_obs": 1.2952499851571364, "speed_obs": 0.07502842190877906, "robustness_obstacles": 0.9800000000000005, "robustness_moving_obstacles1": 0.02, "robustness_moving_obstacles2": 0.02}, "seed6_crea00135": {"speed_no_obs": 0.002930493670553694, "speed_obs": 0.002744336034868191, "robustness_obstacles": 1.0000000000000004, "robustness_moving_obstacles1": 0.23999999999999996, "robustness_moving_obstacles2": 0.18}, "seed6_crea00075": {"speed_no_obs": 0.9036339815566355, "speed_obs": 0.05984409120889913, "robustness_obstacles": 1.0000000000000004, "robustness_moving_obstacles1": 0.21999999999999997, "robustness_moving_obstacles2": 0.06}, "seed6_crea00063": {"speed_no_obs": 0.0002350419022119827, "speed_obs": 0.000230281844242746, "robustness_obstacles": 1.0000000000000004, "robustness_moving_obstacles1": 0.19999999999999998, "robustness_moving_obstacles2": 0.38000000000000006}, "seed6_crea00149": {"speed_no_obs": 1.1112429591221695, "speed_obs": 0.49219907162923293, "robustness_obstacles": 1.0000000000000004, "robustness_moving_obstacles1": 0.19999999999999998, "robustness_moving_obstacles2": 0.18}, "seed6_crea00144": {"speed_no_obs": 0.9670355615479354, "speed_obs": 0.9076682495424824, "robustness_obstacles": 1.0000000000000004, "robustness_moving_obstacles1": 0.32, "robustness_moving_obstacles2": 0.4000000000000001}, "seed6_crea00113": {"speed_no_obs": 0.0011692993139698063, "speed_obs": 0.0012854798009059034, "robustness_obstacles": 1.0000000000000004, "robustness_moving_obstacles1": 0.12000000000000001, "robustness_moving_obstacles2": 0.16}, "seed6_crea00105": {"speed_no_obs": 1.5663182696282825, "speed_obs": 0.006462682963844128, "robustness_obstacles": 1.0000000000000004, "robustness_moving_obstacles1": 0.1, "robustness_moving_obstacles2": 0.12000000000000001}, "seed6_crea00061": {"speed_no_obs": 0.00120128086497309, "speed_obs": 0.0011889229878278402, "robustness_obstacles": 1.0000000000000004, "robustness_moving_obstacles1": 0.4000000000000001, "robustness_moving_obstacles2": 0.32}, "seed6_crea00153": {"speed_no_obs": 1.6254572264302072, "speed_obs": 0.02329818177568837, "robustness_obstacles": 1.0000000000000004, "robustness_moving_obstacles1": 0.06, "robustness_moving_obstacles2": 0.04}, "seed6_crea00041": {"speed_no_obs": 0.3394209786802837, "speed_obs": 0.3023302331275777, "robustness_obstacles": 1.0000000000000004, "robustness_moving_obstacles1": 0.16, "robustness_moving_obstacles2": 0.18}, "seed6_crea00082": {"speed_no_obs": 0.885527317798368, "speed_obs": 0.8425959378472948, "robustness_obstacles": 1.0000000000000004, "robustness_moving_obstacles1": 0.12000000000000001, "robustness_moving_obstacles2": 0.08}, "seed6_crea00078": {"speed_no_obs": 1.2136019364145918, "speed_obs": 0.06838926179262249, "robustness_obstacles": 1.0000000000000004, "robustness_moving_obstacles1": 0.12000000000000001, "robustness_moving_obstacles2": 0.18}, "seed6_crea00143": {"speed_no_obs": 1.5701111543311053, "speed_obs": 0.006325977272077705, "robustness_obstacles": 1.0000000000000004, "robustness_moving_obstacles1": 0.25999999999999995, "robustness_moving_obstacles2": 0.04}, "seed6_crea00122": {"speed_no_obs": 1.359710857733224, "speed_obs": 0.003954077178753851, "robustness_obstacles": 1.0000000000000004, "robustness_moving_obstacles1": 0.08, "robustness_moving_obstacles2": 0.08}, "seed6_crea00093": {"speed_no_obs": 0.016443894460671578, "speed_obs": 0.024186252939793856, "robustness_obstacles": 1.0000000000000004, "robustness_moving_obstacles1": 0.08, "robustness_moving_obstacles2": 0.16}, "seed6_crea00156": {"speed_no_obs": 1.2049329650619212, "speed_obs": 0.020965360243145364, "robustness_obstacles": 1.0000000000000004, "robustness_moving_obstacles1": 0.38000000000000006, "robustness_moving_obstacles2": 0.19999999999999998},