{"seed7_crea00089": {"speed_no_obs": 0.03351143908365801, "speed_obs": 0.03341282497539424, "robustness_obstacles": 1.0000000000000004, "robustness_moving_obstacles1": 0, "robustness_moving_obstacles2": 0.08}, "seed7_crea00118": {"speed_no_obs": 0.02587992350076635, "speed_obs": 0.025485936916203645, "robustness_obstacles": 1.0000000000000004, "robustness_moving_obstacles1": 0.21999999999999997, "robustness_moving_obstacles2": 0.27999999999999997}, "seed7_crea00133": {"speed_no_obs": 0.024817687465328704, "speed_obs": 0.02351075066591768, "robustness_obstacles": 0.9800000000000005, "robustness_moving_obstacles1": 0.06, "robustness_moving_obstacles2": 0.18}, "seed7_crea00149": {"speed_no_obs": 0.0010330621404463104, "speed_obs": 0.001004956704311724, "robustness_obstacles": 1.0000000000000004, "robustness_moving_obstacles1": 0.12000000000000001, "robustness_moving_obstacles2": 0.19999999999999998}}