{"seed8_crea00137": {"speed_no_obs": 0.0004918296172712873, "speed_obs": 0.0004795490166004315, "robustness_obstacles": 1.0000000000000004, "robustness_moving_obstacles1": 0.1, "robustness_moving_obstacles2": 0.25999999999999995}, "seed8_crea00129": {"speed_no_obs": 0.0011556752081896993, "speed_obs": 0.00113773396547451, "robustness_obstacles": 1.0000000000000004, "robustness_moving_obstacles1": 0.19999999999999998, "robustness_moving_obstacles2": 0.5400000000000001}, "seed8_crea00132": {"speed_no_obs": 0.00031037391293412084, "speed_obs": 0.00030038664125632043, "robustness_obstacles": 1.0000000000000004, "robustness_moving_obstacles1": 0.06, "robustness_moving_obstacles2": 0.25999999999999995}, "seed8_crea00086": {"speed_no_obs": 0.00019594706273171593, "speed_obs": 0.00017956506341796093, "robustness_obstacles": 1.0000000000000004, "robustness_moving_obstacles1": 0.34, "robustness_moving_obstacles2": 0.5800000000000002}}