{"seed4_crea00045": {"speed_no_obs": 0.462132701182564, "speed_obs": 0.22515097081175398, "robustness_obstacles": 1.0000000000000004, "robustness_moving_obstacles1": 0, "robustness_moving_obstacles2": 0.02}, "seed4_crea00135": {"speed_no_obs": 1.3072910444483055, "speed_obs": 0.011780765293592777, "robustness_obstacles": 0.6600000000000003, "robustness_moving_obstacles1": 0, "robustness_moving_obstacles2": 0.04}, "seed4_crea00053": {"speed_no_obs": 0.5013884583754707, "speed_obs": 0.3352820334073297, "robustness_obstacles": 1.0000000000000004, "robustness_moving_obstacles1": 0, "robustness_moving_obstacles2": 0.02}, "seed4_crea00059": {"speed_no_obs": 0.05216232300411753, "speed_obs": 0.03052755556938289, "robustness_obstacles": 1.0000000000000004, "robustness_moving_obstacles1": 0.04, "robustness_moving_obstacles2": 0.04}, "seed4_crea00092": {"speed_no_obs": 1.059917476296237, "speed_obs": 0.010306817476054613, "robustness_obstacles": 0.9200000000000005, "robustness_moving_obstacles1": 0.02, "robustness_moving_obstacles2": 0.04}, "seed4_crea00052": {"speed_no_obs": 0.029720262675798404, "speed_obs": 0.024075466269088453, "robustness_obstacles": 1.0000000000000004, "robustness_moving_obstacles1": 0, "robustness_moving_obstacles2": 0.16}, "seed4_crea00114": {"speed_no_obs": 0.5788512203154015, "speed_obs": 0.19149098169932488, "robustness_obstacles": 0.8200000000000004, "robustness_moving_obstacles1": 0.02, "robustness_moving_obstacles2": 0.02}, "seed4_crea00098": {"speed_no_obs": 0.5066365305869078, "speed_obs": 0.27848648766430345, "robustness_obstacles": 1.0000000000000004, "robustness_moving_obstacles1": 0, "robustness_moving_obstacles2": 0}, "seed4_crea00071": {"speed_no_obs": 0.0077447642207786925, "speed_obs": 0.007332777128571693, "robustness_obstacles": 1.0000000000000004, "robustness_moving_obstacles1": 0.04, "robustness_moving_obstacles2": 0.18}, "seed4_crea00151": {"speed_no_obs": 0.8566164645136684, "speed_obs": 0.16593274576076908, "robustness_obstacles": 0.9800000000000005, "robustness_moving_obstacles1": 0, "robustness_moving_obstacles2": 0}, "seed4_crea00124": {"speed_no_obs": 0.7116973887080726, "speed_obs": 0.08649496779980399, "robustness_obstacles": 1.0000000000000004, "robustness_moving_obstacles1": 0, "robustness_moving_obstacles2": 0}, "seed4_crea00101": {"speed_no_obs": 0.6597429300049699, "speed_obs": 0.11553690359256448, "robustness_obstacles": 1.0000000000000004, "robustness_moving_obstacles1": 0, "robustness_moving_obstacles2": 0}, "seed4_crea00064": {"speed_no_obs": 0.05120285582450685, "speed_obs": 0.04076452708354387, "robustness_obstacles": 1.0000000000000004, "robustness_moving_obstacles1": 0.02, "robustness_moving_obstacles2": 0.21999999999999997}, "seed4_crea00054": {"speed_no_obs": 0.3288028562790003, "speed_obs": 0.27130802950545635, "robustness_obstacles": 1.0000000000000004, "robustness_moving_obstacles1": 0.02, "robustness_moving_obstacles2": 0.06}, "seed4_crea00077": {"speed_no_obs": 0.06778507513759016, "speed_obs": 0.0491042206246521, "robustness_obstacles": 0.9600000000000005, "robustness_moving_obstacles1": 0.08, "robustness_moving_obstacles2": 0.04}, "seed4_crea00082": {"speed_no_obs": 0.5543709817169162, "speed_obs": 0.2657904028025086, "robustness_obstacles": 1.0000000000000004, "robustness_moving_obstacles1": 0, "robustness_moving_obstacles2": 0.02}, "seed4_crea00017": {"speed_no_obs": 0.0001271537462992924, "speed_obs": 0.00012318062347849629, "robustness_obstacles": 1.0000000000000004, "robustness_moving_obstacles1": 0.12000000000000001, "robustness_moving_obstacles2": 0.1}, "seed4_crea00083": {"speed_no_obs": 0.7607409876039867, "speed_obs": 0.14059543813697672, "robustness_obstacles": 0.9600000000000005, "robustness_moving_obstacles1": 0, "robustness_moving_obstacles2": 0}, "seed4_crea00065": {"speed_no_obs": 0.1046691141972458, "speed_obs": 0.06553712095170161, "robustness_obstacles": 0.9800000000000005, "robustness_moving_obstacles1": 0, "robustness_moving_obstacles2": 0}, "seed4_crea00137": {"speed_no_obs": 0.4558209606187734, "speed_obs": 0.3124578644159909, "robustness_obstacles": 1.0000000000000004, "robustness_moving_obstacles1": 0, "robustness_moving_obstacles2": 0.02}, "seed4_crea00095": {"speed_no_obs": 1.2527145007127907, "speed_obs": 1.6976992156063976e-05, "robustness_obstacles": 0.08, "robustness_moving_obstacles1": 0, "robustness_moving_obstacles2": 0}, "seed4_crea00116": {"speed_no_obs": 0.07054839536720854, "speed_obs": 0.036635872673855034, "robustness_obstacles": 1.0000000000000004, "robustness_moving_obstacles1": 0.02, "robustness_moving_obstacles2": 0}, "seed4_crea00061": {"speed_no_obs": 0.0010080672515797454, "speed_obs": 0.000932488562631864, "robustness_obstacles": 1.0000000000000004, "robustness_moving_obstacles1": 0.04, "robustness_moving_obstacles2": 0.12000000000000001}, "seed4_crea00144": {"speed_no_obs": 0.24992833508270096, "speed_obs": 0.06306327206547004, "robustness_obstacles": 1.0000000000000004, "robustness_moving_obstacles1": 0.08, "robustness_moving_obstacles2": 0.16}, "seed4_crea00115": {"speed_no_obs": 0.5312836773256254, "speed_obs": 0.22387703457143368, "robustness_obstacles": 1.0000000000000004, "robustness_moving_obstacles1": 0, "robustness_moving_obstacles2": 0}, "seed4_crea00126": {"speed_no_obs": 0.6163333500245272, "speed_obs": 0.2774518186165899, "robustness_obstacles": 0.6600000000000003, "robustness_moving_obstacles1": 0, "robustness_moving_obstacles2": 0}, "seed4_crea00062": {"speed_no_obs": 0.07135727682969956, "speed_obs": 0.029720506671870636, "robustness_obstacles": 1.0000000000000004, "robustness_moving_obstacles1": 0.08, "robustness_moving_obstacles2": 0.16}, "seed4_crea00109": {"speed_no_obs": 1.0123994909970124, "speed_obs": 0.036138342108607675, "robustness_obstacles": 0.7800000000000004, "robustness_moving_obstacles1": 0, "robustness_moving_obstacles2": 0}, "seed4_crea00037": {"speed_no_obs": 0.002581438049728017, "speed_obs": 0.002504532196763965, "robustness_obstacles": 1.0000000000000004, "robustness_moving_obstacles1": 0.04, "robustness_moving_obstacles2": 0.06}, "seed4_crea00136": {"speed_no_obs": 0.0004713152306080378, "speed_obs": 0.0004377961465525428, "robustness_obstacles": 1.0000000000000004, "robustness_moving_obstacles1": 0.02, "robustness_moving_obstacles2": 0.19999999999999998}, "seed4_crea00070": {"speed_no_obs": 0.08512635884040898, "speed_obs": 0.04861024592639541, "robustness_obstacles": 1.0000000000000004, "robustness_moving_obstacles1": 0.02, "robustness_moving_obstacles2": 0.04}, "seed4_crea00094": {"speed_no_obs": 0.6246548843854824, "speed_obs": 0.19399859087319646, "robustness_obstacles": 1.0000000000000004, "robustness_moving_obstacles1": 0.02, "robustness_moving_obstacles2": 0.08}, "seed4_crea00069": {"speed_no_obs": 0.2257810097149817, "speed_obs": 0.11199184485260597, "robustness_obstacles": 0.9800000000000005, "robustness_moving_obstacles1": 0, "robustness_moving_obstacles2": 0}, "seed4_crea00122": {"speed_no_obs": 0.23076376033550786, "speed_obs": 0.09848267546407251, "robustness_obstacles": 0.9000000000000005, "robustness_moving_obstacles1": 0, "robustness_moving_obstacles2": 0.1}, "seed4_crea00146": {"speed_no_obs": 0.12206125610530458, "speed_obs": 0.04868939866062082, "robustness_obstacles": 0.7200000000000003, "robustness_moving_obstacles1": 0, "robustness_moving_obstacles2": 0}, "seed4_crea00086": {"speed_no_obs": 0.0009875290011793802, "speed_obs": 0.000974177971949309, "robustness_obstacles": 1.0000000000000004, "robustness_moving_obstacles1": 0.1, "robustness_moving_obstacles2": 0.04}, "seed4_crea00066": {"speed_no_obs": 0.0006373739784931086, "speed_obs": 0.0006351918624277539, "robustness_obstacles": 1.0000000000000004, "robustness_moving_obstacles1": 0.06, "robustness_moving_obstacles2": 0.16}, "seed4_crea00111": {"speed_no_obs": 0.5999921528745006, "speed_obs": 0.2544653852792983, "robustness_obstacles": 1.0000000000000004, "robustness_moving_obstacles1": 0,