{"seed2_crea00111": {"speed_no_obs": 0.005241479010734828, "speed_obs": 0.004305349916983903, "robustness_obstacles": 1.0000000000000004, "robustness_moving_obstacles1": 0.08, "robustness_moving_obstacles2": 0.18}, "seed2_crea00049": {"speed_no_obs": 0.0009091633096059142, "speed_obs": 0.0007781788866044271, "robustness_obstacles": 1.0000000000000004, "robustness_moving_obstacles1": 0.04, "robustness_moving_obstacles2": 0.18}, "seed2_crea00075": {"speed_no_obs": 0.12937917024292506, "speed_obs": 0.08590210613560932, "robustness_obstacles": 1.0000000000000004, "robustness_moving_obstacles1": 0.27999999999999997, "robustness_moving_obstacles2": 0.5200000000000001}, "seed2_crea00139": {"speed_no_obs": 0.03762245970530601, "speed_obs": 0.028899559383055013, "robustness_obstacles": 0.8000000000000004, "robustness_moving_obstacles1": 0, "robustness_moving_obstacles2": 0.02}, "seed2_crea00096": {"speed_no_obs": 0.17459484583059856, "speed_obs": 0.083972668470988, "robustness_obstacles": 0.6200000000000002, "robustness_moving_obstacles1": 0, "robustness_moving_obstacles2": 0}, "seed2_crea00137": {"speed_no_obs": 0.04225559303084761, "speed_obs": 0.038033115418724395, "robustness_obstacles": 1.0000000000000004, "robustness_moving_obstacles1": 0.38000000000000006, "robustness_moving_obstacles2": 0.34}, "seed2_crea00079": {"speed_no_obs": 0.3423439607453027, "speed_obs": 0.21347506866334015, "robustness_obstacles": 0.7400000000000003, "robustness_moving_obstacles1": 0, "robustness_moving_obstacles2": 0.1}, "seed2_crea00115": {"speed_no_obs": 0.32728990993692103, "speed_obs": 0.22853633327991704, "robustness_obstacles": 1.0000000000000004, "robustness_moving_obstacles1": 0.02, "robustness_moving_obstacles2": 0.1}, "seed2_crea00132": {"speed_no_obs": 0.002908644715574999, "speed_obs": 0.0022587466052592818, "robustness_obstacles": 1.0000000000000004, "robustness_moving_obstacles1": 0.06, "robustness_moving_obstacles2": 0.12000000000000001}, "seed2_crea00055": {"speed_no_obs": 0.13607266117461347, "speed_obs": 0.07583306414894316, "robustness_obstacles": 0.7800000000000004, "robustness_moving_obstacles1": 0.04, "robustness_moving_obstacles2": 0.27999999999999997}, "seed2_crea00082": {"speed_no_obs": 0.0031411732713539455, "speed_obs": 0.0024131043316758423, "robustness_obstacles": 1.0000000000000004, "robustness_moving_obstacles1": 0.8000000000000004, "robustness_moving_obstacles2": 0.7200000000000003}, "seed2_crea00113": {"speed_no_obs": 0.014114382459442937, "speed_obs": 0.012136154753225648, "robustness_obstacles": 1.0000000000000004, "robustness_moving_obstacles1": 0.14, "robustness_moving_obstacles2": 0.12000000000000001}, "seed2_crea00047": {"speed_no_obs": 0.1109510740720738, "speed_obs": 0.07377763141141885, "robustness_obstacles": 1.0000000000000004, "robustness_moving_obstacles1": 0.4200000000000001, "robustness_moving_obstacles2": 0.6000000000000002}, "seed2_crea00152": {"speed_no_obs": 5.101637509349489e-05, "speed_obs": 4.762919380804808e-05, "robustness_obstacles": 1.0000000000000004, "robustness_moving_obstacles1": 0.19999999999999998, "robustness_moving_obstacles2": 0.36000000000000004}, "seed2_crea00108": {"speed_no_obs": 0.0015324503062092828, "speed_obs": 0.0010855831299462734, "robustness_obstacles": 1.0000000000000004, "robustness_moving_obstacles1": 0.08, "robustness_moving_obstacles2": 0.32}, "seed2_crea00078": {"speed_no_obs": 0.041655327657019826, "speed_obs": 0.010500546881128274, "robustness_obstacles": 0.4200000000000001, "robustness_moving_obstacles1": 0.02, "robustness_moving_obstacles2": 0.04}, "seed2_crea00116": {"speed_no_obs": 0.0002529435513206447, "speed_obs": 0.0002466835340086367, "robustness_obstacles": 1.0000000000000004, "robustness_moving_obstacles1": 0.5000000000000001, "robustness_moving_obstacles2": 0.5600000000000002}, "seed2_crea00060": {"speed_no_obs": 0.7240518439290767, "speed_obs": 0.0, "robustness_obstacles": 0, "robustness_moving_obstacles1": 0.06, "robustness_moving_obstacles2": 0}, "seed2_crea00104": {"speed_no_obs": 0.37338033425641887, "speed_obs": 0.03314233643326746, "robustness_obstacles": 0.1, "robustness_moving_obstacles1": 0, "robustness_moving_obstacles2": 0.02}, "seed2_crea00057": {"speed_no_obs": 0.019046671223742054, "speed_obs": 0.017979548567464566, "robustness_obstacles": 1.0000000000000004, "robustness_moving_obstacles1": 0.12000000000000001, "robustness_moving_obstacles2": 0.19999999999999998}, "seed2_crea00159": {"speed_no_obs": 0.41892109850766057, "speed_obs": 0.3028459898265506, "robustness_obstacles": 0.7600000000000003, "robustness_moving_obstacles1": 0.08, "robustness_moving_obstacles2": 0.18}, "seed2_crea00101": {"speed_no_obs": 0.06261679986272108, "speed_obs": 0.01595385038919392, "robustness_obstacles": 0.3, "robustness_moving_obstacles1": 0.02, "robustness_moving_obstacles2": 0.16}, "seed2_crea00072": {"speed_no_obs": 0.005522442710885215, "speed_obs": 0.00351214746718087, "robustness_obstacles": 1.0000000000000004, "robustness_moving_obstacles1": 0.23999999999999996, "robustness_moving_obstacles2": 0.4200000000000001}, "seed2_crea00125": {"speed_no_obs": 0.4913215212059302, "speed_obs": 0.02817425667613455, "robustness_obstacles": 0.1, "robustness_moving_obstacles1": 0.16, "robustness_moving_obstacles2": 0}}