{"seed1_crea00134": {"speed_no_obs": 0.16088627673770164, "speed_obs": 0.0033989560560549743, "robustness_obstacles": 0.02, "robustness_moving_obstacles1": 0.19999999999999998, "robustness_moving_obstacles2": 0.18}, "seed1_crea00159": {"speed_no_obs": 0.0005248191534956139, "speed_obs": 0.0005206082307789351, "robustness_obstacles": 1.0000000000000004, "robustness_moving_obstacles1": 0.4400000000000001, "robustness_moving_obstacles2": 0.4200000000000001}, "seed1_crea00131": {"speed_no_obs": 1.729543520258005, "speed_obs": 1.1581717204188782, "robustness_obstacles": 0.9600000000000005, "robustness_moving_obstacles1": 0.02, "robustness_moving_obstacles2": 0.02}, "seed1_crea00049": {"speed_no_obs": 0.03245016192536954, "speed_obs": 0.032480166173722666, "robustness_obstacles": 1.0000000000000004, "robustness_moving_obstacles1": 0.06, "robustness_moving_obstacles2": 0.04}, "seed1_crea00045": {"speed_no_obs": 0.06370752076282127, "speed_obs": 0.04670269372535852, "robustness_obstacles": 0.9200000000000005, "robustness_moving_obstacles1": 0, "robustness_moving_obstacles2": 0}, "seed1_crea00101": {"speed_no_obs": 0.08310127942736534, "speed_obs": 0.07760947105910067, "robustness_obstacles": 0.9800000000000005, "robustness_moving_obstacles1": 0.02, "robustness_moving_obstacles2": 0.08}, "seed1_crea00051": {"speed_no_obs": 0.008445146336882627, "speed_obs": 0.00964148729948503, "robustness_obstacles": 1.0000000000000004, "robustness_moving_obstacles1": 0.04, "robustness_moving_obstacles2": 0.19999999999999998}, "seed1_crea00111": {"speed_no_obs": 2.31977699597715e-05, "speed_obs": 2.1236869221050183e-05, "robustness_obstacles": 1.0000000000000004, "robustness_moving_obstacles1": 0.02, "robustness_moving_obstacles2": 0.16}, "seed1_crea00085": {"speed_no_obs": 0.0018134427470563675, "speed_obs": 0.0031254624484551765, "robustness_obstacles": 0.8600000000000004, "robustness_moving_obstacles1": 0.19999999999999998, "robustness_moving_obstacles2": 0.4400000000000001}, "seed1_crea00071": {"speed_no_obs": 0.0009346511245281083, "speed_obs": 0.0012391882907043126, "robustness_obstacles": 1.0000000000000004, "robustness_moving_obstacles1": 0.38000000000000006, "robustness_moving_obstacles2": 0.4400000000000001}, "seed1_crea00144": {"speed_no_obs": 0.1126548462459093, "speed_obs": 0.08815338234435237, "robustness_obstacles": 0.8800000000000004, "robustness_moving_obstacles1": 0, "robustness_moving_obstacles2": 0.04}, "seed1_crea00065": {"speed_no_obs": 0.00020025641345894406, "speed_obs": 0.000641647360416354, "robustness_obstacles": 0.8400000000000004, "robustness_moving_obstacles1": 0.5800000000000002, "robustness_moving_obstacles2": 0.6000000000000002}, "seed1_crea00074": {"speed_no_obs": 0.00010312001588760795, "speed_obs": 9.96004889399883e-05, "robustness_obstacles": 1.0000000000000004, "robustness_moving_obstacles1": 0.06, "robustness_moving_obstacles2": 0.25999999999999995}, "seed1_crea00147": {"speed_no_obs": 7.456671718296459e-05, "speed_obs": 7.264610991951955e-05, "robustness_obstacles": 1.0000000000000004, "robustness_moving_obstacles1": 0.3, "robustness_moving_obstacles2": 0.25999999999999995}, "seed1_crea00127": {"speed_no_obs": 8.725927986513278e-05, "speed_obs": 8.420128710313497e-05, "robustness_obstacles": 1.0000000000000004, "robustness_moving_obstacles1": 0.21999999999999997, "robustness_moving_obstacles2": 0.32}, "seed1_crea00077": {"speed_no_obs": 0.00043282166280090656, "speed_obs": 0.00042967745209883146, "robustness_obstacles": 1.0000000000000004, "robustness_moving_obstacles1": 0.08, "robustness_moving_obstacles2": 0.14}, "seed1_crea00083": {"speed_no_obs": 0.00012982426154236124, "speed_obs": 0.00012896827462898278, "robustness_obstacles": 1.0000000000000004, "robustness_moving_obstacles1": 0.12000000000000001, "robustness_moving_obstacles2": 0.34}, "seed1_crea00040": {"speed_no_obs": 0.0536050989336301, "speed_obs": 0.043949775372089925, "robustness_obstacles": 0.9000000000000005, "robustness_moving_obstacles1": 0, "robustness_moving_obstacles2": 0}, "seed1_crea00122": {"speed_no_obs": 0.00013997261581005189, "speed_obs": 0.00013799170679153284, "robustness_obstacles": 1.0000000000000004, "robustness_moving_obstacles1": 0.46000000000000013, "robustness_moving_obstacles2": 0.4000000000000001}, "seed1_crea00094": {"speed_no_obs": 0.005202605687062512, "speed_obs": 0.005116776789837155, "robustness_obstacles": 1.0000000000000004, "robustness_moving_obstacles1": 0.08, "robustness_moving_obstacles2": 0.06}, "seed1_crea00048": {"speed_no_obs": 0.023811533969341332, "speed_obs": 0.02375363052339773, "robustness_obstacles": 1.0000000000000004, "robustness_moving_obstacles1": 0.02, "robustness_moving_obstacles2": 0.14}}