{"seed9_crea00114": {"speed_no_obs": 0.3848813899476325, "speed_obs": 0.3811580422586254, "robustness_obstacles": 1.0000000000000004, "robustness_moving_obstacles1": 0.6400000000000002, "robustness_moving_obstacles2": 0.34}, "seed9_crea00062": {"speed_no_obs": 0.00039973351310802936, "speed_obs": 0.0003924109330499264, "robustness_obstacles": 1.0000000000000004, "robustness_moving_obstacles1": 0.25999999999999995, "robustness_moving_obstacles2": 0.34}, "seed9_crea00083": {"speed_no_obs": 0.05006753783075566, "speed_obs": 0.041069324178532735, "robustness_obstacles": 1.0000000000000004, "robustness_moving_obstacles1": 0.7200000000000003, "robustness_moving_obstacles2": 0.38000000000000006}, "seed9_crea00110": {"speed_no_obs": 0.43226418720391097, "speed_obs": 0.3348528950452853, "robustness_obstacles": 1.0000000000000004, "robustness_moving_obstacles1": 0.27999999999999997, "robustness_moving_obstacles2": 0.04}, "seed9_crea00093": {"speed_no_obs": 0.00042369143432237203, "speed_obs": 0.00042178836774034103, "robustness_obstacles": 1.0000000000000004, "robustness_moving_obstacles1": 0.16, "robustness_moving_obstacles2": 0.34}, "seed9_crea00045": {"speed_no_obs": 0.00393234724097313, "speed_obs": 0.0036468927953822224, "robustness_obstacles": 1.0000000000000004, "robustness_moving_obstacles1": 0.18, "robustness_moving_obstacles2": 0.32}, "seed9_crea00050": {"speed_no_obs": 0.0002120721281324556, "speed_obs": 0.0002959154362733709, "robustness_obstacles": 1.0000000000000004, "robustness_moving_obstacles1": 0.18, "robustness_moving_obstacles2": 0.32}, "seed9_crea00059": {"speed_no_obs": 0.00030266844315631863, "speed_obs": 0.00028352514813448614, "robustness_obstacles": 1.0000000000000004, "robustness_moving_obstacles1": 0.34, "robustness_moving_obstacles2": 0.4200000000000001}, "seed9_crea00122": {"speed_no_obs": 1.0694088595261049, "speed_obs": 1.005036095151262, "robustness_obstacles": 1.0000000000000004, "robustness_moving_obstacles1": 0.9400000000000005, "robustness_moving_obstacles2": 0.38000000000000006}, "seed9_crea00074": {"speed_no_obs": 0.0032133806358626655, "speed_obs": 0.0030308058947778444, "robustness_obstacles": 1.0000000000000004, "robustness_moving_obstacles1": 0.3, "robustness_moving_obstacles2": 0.34}, "seed9_crea00137": {"speed_no_obs": 0.6139548842081314, "speed_obs": 0.5987913309215207, "robustness_obstacles": 1.0000000000000004, "robustness_moving_obstacles1": 0.6200000000000002, "robustness_moving_obstacles2": 0.25999999999999995}, "seed9_crea00087": {"speed_no_obs": 0.624502910607436, "speed_obs": 0.6107252579977401, "robustness_obstacles": 1.0000000000000004, "robustness_moving_obstacles1": 0.7600000000000003, "robustness_moving_obstacles2": 0.32}, "seed9_crea00081": {"speed_no_obs": 0.020517164891318117, "speed_obs": 0.02054327264255948, "robustness_obstacles": 1.0000000000000004, "robustness_moving_obstacles1": 0.27999999999999997, "robustness_moving_obstacles2": 0.23999999999999996}, "seed9_crea00153": {"speed_no_obs": 0.0002157578153958972, "speed_obs": 0.00020585267060412612, "robustness_obstacles": 1.0000000000000004, "robustness_moving_obstacles1": 0.08, "robustness_moving_obstacles2": 0.12000000000000001}, "seed9_crea00120": {"speed_no_obs": 0.003935850833390244, "speed_obs": 0.004003629747482214, "robustness_obstacles": 1.0000000000000004, "robustness_moving_obstacles1": 0.7400000000000003, "robustness_moving_obstacles2": 0.5400000000000001}, "seed9_crea00133": {"speed_no_obs": 1.120688820635309, "speed_obs": 1.0176642892920413, "robustness_obstacles": 1.0000000000000004, "robustness_moving_obstacles1": 0.9000000000000005, "robustness_moving_obstacles2": 0.12000000000000001}, "seed9_crea00124": {"speed_no_obs": 1.0861791783188774, "speed_obs": 1.01975740609688, "robustness_obstacles": 1.0000000000000004, "robustness_moving_obstacles1": 0.8800000000000004, "robustness_moving_obstacles2": 0.21999999999999997}, "seed9_crea00148": {"speed_no_obs": 0.03194928386519688, "speed_obs": 0.03218758243871951, "robustness_obstacles": 0.9800000000000005, "robustness_moving_obstacles1": 0.48000000000000015, "robustness_moving_obstacles2": 0.38000000000000006}, "seed9_crea00101": {"speed_no_obs": 0.39823463484270044, "speed_obs": 0.39500219459084107, "robustness_obstacles": 1.0000000000000004, "robustness_moving_obstacles1": 0.5800000000000002, "robustness_moving_obstacles2": 0.18}, "seed9_crea00135": {"speed_no_obs": 0.10369834014228563, "speed_obs": 0.04425018992880906, "robustness_obstacles": 1.0000000000000004, "robustness_moving_obstacles1": 0.4000000000000001, "robustness_moving_obstacles2": 0.32}, "seed9_crea00146": {"speed_no_obs": 0.048605545863518174, "speed_obs": 0.05690631165315468, "robustness_obstacles": 1.0000000000000004, "robustness_moving_obstacles1": 0.4200000000000001, "robustness_moving_obstacles2": 0.25999999999999995}, "seed9_crea00103": {"speed_no_obs": 0.006972053525738297, "speed_obs": 0.006974384083200269, "robustness_obstacles": 1.0000000000000004, "robustness_moving_obstacles1": 0.25999999999999995, "robustness_moving_obstacles2": 0.3}, "seed9_crea00140": {"speed_no_obs": 0.478266183708379, "speed_obs": 0.47061327789746105, "robustness_obstacles": 1.0000000000000004, "robustness_moving_obstacles1": 0.25999999999999995, "robustness_moving_obstacles2": 0.36000000000000004}, "seed9_crea00069": {"speed_no_obs": 0.006973419106224905, "speed_obs": 0.006944000696235651, "robustness_obstacles": 1.0000000000000004, "robustness_moving_obstacles1": 0.21999999999999997, "robustness_moving_obstacles2": 0.34}, "seed9_crea00154": {"speed_no_obs": 0.8399949463159535, "speed_obs": 0.663192048138613, "robustness_obstacles": 1.0000000000000004, "robustness_moving_obstacles1": 0.7800000000000004, "robustness_moving_obstacles2": 0.16}, "seed9_crea00155": {"speed_no_obs": 1.2202328411554544, "speed_obs": 0.10616279741210434, "robustness_obstacles": 1.0000000000000004, "robustness_moving_obstacles1": 0, "robustness_moving_obstacles2": 0}, "seed9_crea00077": {"speed_no_obs": 0.005636260848508714, "speed_obs": 0.005607213950468736, "robustness_obstacles": 1.0000000000000004, "robustness_moving_obstacles1": 0.12000000000000001, "robustness_moving_obstacles2": 0.32}, "seed9_crea00048": {"speed_no_obs": 0.00015129496106049145, "speed_obs": 0.0001498842444710796, "robustness_obstacles": 1.0000000000000004, "robustness_moving_obstacles1": 0.1, "robustness_moving_obstacles2": 0.19999999999999998}, "seed9_crea00111": {"speed_no_obs": 0.4312959274127196, "speed_obs": 0.4253749126618775, "robustness_obstacles": 1.0000000000000004, "robustness_moving_obstacles1": 0.7000000000000003, "robustness_moving_obstacles2": 0.19999999999999998}, "seed9_crea00121": {"speed_no_obs": 0.012742329043198395, "speed_obs": 0.012621230132425144, "robustness_obstacles": 1.0000000000000004, "robustness_moving_obstacles1": 0.19999999999999998, "robustness_moving_obstacles2": 0.27999999999999997}, "seed9_crea00107": {"speed_no_obs": 1.054532507166222, "speed_obs": 0.7526711942905447, "robustness_obstacles": 0.7800000000000004, "robustness_moving_obstacles1": 0.8400000000000004, "robustness_moving_obstacles2": 0.3}, "seed9_crea00119": {"speed_no_obs": 0.00013481210430216027, "speed_obs": 0.0001319154263183714, "robustness_obstacles": 1.0000000000000004, "robustness_moving_obstacles1": 0.25999999999999995, "robustness_moving_obstacles2": 0.19999999999999998}, "seed9_crea00123": {"speed_no_obs": 0.011039059906045099, "speed_obs": 0.011048060078340464, "robustness_obstacles": 1.0000000000000004, "robustness_moving_obstacles1": 0.1, "robustness_moving_obstacles2": 0.3}, "seed9_crea00055": {"speed_no_obs": 0.5461868209187424, "speed_obs": 0.3836123043546187, "robustness_obstacles": 1.0000000000000004, "robustness_moving_obstacles1": 0.34, "robustness_moving_obstacles2": 0.38000000000000006}, "seed9_crea00104": {"speed_no_obs": 0.9380167612469203, "speed_obs": 0.7503677344824978, "robustness_obstacles": 1.0000000000000004,