{"seed6_crea00070": {"speed_no_obs": 0.0037590379134729963, "speed_obs": 0.0037665793546876793, "robustness_obstacles": 1.0000000000000004, "robustness_moving_obstacles1": 0.19999999999999998, "robustness_moving_obstacles2": 0.27999999999999997}, "seed6_crea00077": {"speed_no_obs": 0.0003189628069455475, "speed_obs": 0.00030939751911356837, "robustness_obstacles": 1.0000000000000004, "robustness_moving_obstacles1": 0.32, "robustness_moving_obstacles2": 0.36000000000000004}, "seed6_crea00124": {"speed_no_obs": 0.02148433395258239, "speed_obs": 0.02128740390247817, "robustness_obstacles": 1.0000000000000004, "robustness_moving_obstacles1": 0.14, "robustness_moving_obstacles2": 0.12000000000000001}, "seed6_crea00118": {"speed_no_obs": 0.05035043309934924, "speed_obs": 0.05040134179440645, "robustness_obstacles": 1.0000000000000004, "robustness_moving_obstacles1": 0.23999999999999996, "robustness_moving_obstacles2": 0.3}, "seed6_crea00079": {"speed_no_obs": 0.0001250911444114447, "speed_obs": 0.00012188832569479556, "robustness_obstacles": 1.0000000000000004, "robustness_moving_obstacles1": 0.14, "robustness_moving_obstacles2": 0.34}, "seed6_crea00152": {"speed_no_obs": 0.02148433395258239, "speed_obs": 0.02128740390247817, "robustness_obstacles": 1.0000000000000004, "robustness_moving_obstacles1": 0.23999999999999996, "robustness_moving_obstacles2": 0.18}, "seed6_crea00081": {"speed_no_obs": 0.02148433395258239, "speed_obs": 0.02128740390247817, "robustness_obstacles": 1.0000000000000004, "robustness_moving_obstacles1": 0.1, "robustness_moving_obstacles2": 0.21999999999999997}, "seed6_crea00095": {"speed_no_obs": 0.0401982793107516, "speed_obs": 0.03983878546581499, "robustness_obstacles": 1.0000000000000004, "robustness_moving_obstacles1": 0.19999999999999998, "robustness_moving_obstacles2": 0.19999999999999998}, "seed6_crea00125": {"speed_no_obs": 0.0002828244673880449, "speed_obs": 0.00027333280888093347, "robustness_obstacles": 1.0000000000000004, "robustness_moving_obstacles1": 0.3, "robustness_moving_obstacles2": 0.4000000000000001}, "seed6_crea00133": {"speed_no_obs": 0.02148433395258239, "speed_obs": 0.02128740390247817, "robustness_obstacles": 1.0000000000000004, "robustness_moving_obstacles1": 0.08, "robustness_moving_obstacles2": 0.18}, "seed6_crea00065": {"speed_no_obs": 0.0003029624871281323, "speed_obs": 0.00029148108406990496, "robustness_obstacles": 1.0000000000000004, "robustness_moving_obstacles1": 0.3, "robustness_moving_obstacles2": 0.4400000000000001}, "seed6_crea00002": {"speed_no_obs": 0.360090051625376, "speed_obs": 0.28577308984347355, "robustness_obstacles": 1.0000000000000004, "robustness_moving_obstacles1": 0.04, "robustness_moving_obstacles2": 0.12000000000000001}, "seed6_crea00084": {"speed_no_obs": 0.002743902014899522, "speed_obs": 0.002344782268946422, "robustness_obstacles": 1.0000000000000004, "robustness_moving_obstacles1": 0.3, "robustness_moving_obstacles2": 0.4200000000000001}, "seed6_crea00040": {"speed_no_obs": 0.38538638504968853, "speed_obs": 0.3458335870004295, "robustness_obstacles": 1.0000000000000004, "robustness_moving_obstacles1": 0.06, "robustness_moving_obstacles2": 0.19999999999999998}, "seed6_crea00110": {"speed_no_obs": 0.020632641406721806, "speed_obs": 0.02029099866521882, "robustness_obstacles": 1.0000000000000004, "robustness_moving_obstacles1": 0.14, "robustness_moving_obstacles2": 0.27999999999999997}, "seed6_crea00109": {"speed_no_obs": 0.02148433395258239, "speed_obs": 0.02128740390247817, "robustness_obstacles": 1.0000000000000004, "robustness_moving_obstacles1": 0.08, "robustness_moving_obstacles2": 0.19999999999999998}, "seed6_crea00140": {"speed_no_obs": 0.006435755989223949, "speed_obs": 0.005293417357724819, "robustness_obstacles": 1.0000000000000004, "robustness_moving_obstacles1": 0.25999999999999995, "robustness_moving_obstacles2": 0.4000000000000001}, "seed6_crea00114": {"speed_no_obs": 0.00011325540532294146, "speed_obs": 0.00011156351796366984, "robustness_obstacles": 1.0000000000000004, "robustness_moving_obstacles1": 0.4400000000000001, "robustness_moving_obstacles2": 0.5600000000000002}, "seed6_crea00151": {"speed_no_obs": 0.0029364759858496736, "speed_obs": 0.0028598792625383848, "robustness_obstacles": 1.0000000000000004, "robustness_moving_obstacles1": 0.38000000000000006, "robustness_moving_obstacles2": 0.5000000000000001}, "seed6_crea00080": {"speed_no_obs": 0.00012538925274281168, "speed_obs": 0.00011283797625373806, "robustness_obstacles": 1.0000000000000004, "robustness_moving_obstacles1": 0.34, "robustness_moving_obstacles2": 0.4400000000000001}, "seed6_crea00100": {"speed_no_obs": 0.01865160851269864, "speed_obs": 0.018378347695470768, "robustness_obstacles": 1.0000000000000004, "robustness_moving_obstacles1": 0.16, "robustness_moving_obstacles2": 0.25999999999999995}, "seed6_crea00154": {"speed_no_obs": 0.4675931501585607, "speed_obs": 0.458238864393163, "robustness_obstacles": 1.0000000000000004, "robustness_moving_obstacles1": 0.06, "robustness_moving_obstacles2": 0.1}, "seed6_crea00126": {"speed_no_obs": 0.00017333036132434826, "speed_obs": 0.000168233348595764, "robustness_obstacles": 1.0000000000000004, "robustness_moving_obstacles1": 0.21999999999999997, "robustness_moving_obstacles2": 0.4400000000000001}, "seed6_crea00135": {"speed_no_obs": 0.4675931501585607, "speed_obs": 0.45823763297231224, "robustness_obstacles": 1.0000000000000004, "robustness_moving_obstacles1": 0.04, "robustness_moving_obstacles2": 0.02}, "seed6_crea00075": {"speed_no_obs": 0.003931084892785923, "speed_obs": 0.003916019950307062, "robustness_obstacles": 1.0000000000000004, "robustness_moving_obstacles1": 0.12000000000000001, "robustness_moving_obstacles2": 0.3}, "seed6_crea00144": {"speed_no_obs": 0.00011278826784270013, "speed_obs": 0.00010797652628894825, "robustness_obstacles": 1.0000000000000004, "robustness_moving_obstacles1": 0.12000000000000001, "robustness_moving_obstacles2": 0.27999999999999997}, "seed6_crea00053": {"speed_no_obs": 0.0020644706955819875, "speed_obs": 0.00205669665960845, "robustness_obstacles": 1.0000000000000004, "robustness_moving_obstacles1": 0.19999999999999998, "robustness_moving_obstacles2": 0.4000000000000001}, "seed6_crea00113": {"speed_no_obs": 0.0004502189256678434, "speed_obs": 0.00044121868627127484, "robustness_obstacles": 1.0000000000000004, "robustness_moving_obstacles1": 0.21999999999999997, "robustness_moving_obstacles2": 0.27999999999999997}, "seed6_crea00105": {"speed_no_obs": 0.027249787956298538, "speed_obs": 0.026763325658166717, "robustness_obstacles": 1.0000000000000004, "robustness_moving_obstacles1": 0.19999999999999998, "robustness_moving_obstacles2": 0.18}, "seed6_crea00061": {"speed_no_obs": 0.0026398769384638303, "speed_obs": 0.0024087196092753885, "robustness_obstacles": 1.0000000000000004, "robustness_moving_obstacles1": 0.19999999999999998, "robustness_moving_obstacles2": 0.21999999999999997}, "seed6_crea00064": {"speed_no_obs": 0.0007021739002021898, "speed_obs": 0.0006887372225817136, "robustness_obstacles": 1.0000000000000004, "robustness_moving_obstacles1": 0.21999999999999997, "robustness_moving_obstacles2": 0.32}, "seed6_crea00082": {"speed_no_obs": 0.018284373426052415, "speed_obs": 0.018159962528970456, "robustness_obstacles": 1.0000000000000004, "robustness_moving_obstacles1": 0.12000000000000001, "robustness_moving_obstacles2": 0.21999999999999997}, "seed6_crea00067": {"speed_no_obs": 0.0005035985191699927, "speed_obs": 0.000500554615152833, "robustness_obstacles": 1.0000000000000004, "robustness_moving_obstacles1": 0.12000000000000001, "robustness_moving_obstacles2": 0.14}, "seed6_crea00078": {"speed_no_obs": 0.006991737098000863, "speed_obs": 0.0062284853912388865, "robustness_obstacles": 1.0000000000000004, "robustness_moving_obstacles1": 0, "robustness_moving_obstacles2": 0.23999999999999996}, "seed6_crea00122": {"speed_no_obs": 0.00025297361185235874, "speed_obs": 0.00024964422599686996,