{"seed4_crea00059": {"speed_no_obs": 0.00015142154710587764, "speed_obs": 0.00014790055003948807, "robustness_obstacles": 1.0000000000000004, "robustness_moving_obstacles1": 0.06, "robustness_moving_obstacles2": 0.1}, "seed4_crea00048": {"speed_no_obs": 0.00020100228822217422, "speed_obs": 0.00019699963843166146, "robustness_obstacles": 1.0000000000000004, "robustness_moving_obstacles1": 0.16, "robustness_moving_obstacles2": 0.3}, "seed4_crea00124": {"speed_no_obs": 0.00014616996507536484, "speed_obs": 0.00014226982934657312, "robustness_obstacles": 1.0000000000000004, "robustness_moving_obstacles1": 0.12000000000000001, "robustness_moving_obstacles2": 0.12000000000000001}, "seed4_crea00064": {"speed_no_obs": 0.003041266505859655, "speed_obs": 0.0028093079146845087, "robustness_obstacles": 1.0000000000000004, "robustness_moving_obstacles1": 0.04, "robustness_moving_obstacles2": 0.14}, "seed4_crea00017": {"speed_no_obs": 0.0001271537462992924, "speed_obs": 0.00012318062347849629, "robustness_obstacles": 1.0000000000000004, "robustness_moving_obstacles1": 0.12000000000000001, "robustness_moving_obstacles2": 0.21999999999999997}, "seed4_crea00043": {"speed_no_obs": 0.0004465474047708703, "speed_obs": 0.0004386719674297041, "robustness_obstacles": 1.0000000000000004, "robustness_moving_obstacles1": 0.14, "robustness_moving_obstacles2": 0.25999999999999995}, "seed4_crea00037": {"speed_no_obs": 0.002581438049728017, "speed_obs": 0.002504532196763965, "robustness_obstacles": 1.0000000000000004, "robustness_moving_obstacles1": 0, "robustness_moving_obstacles2": 0.1}, "seed4_crea00094": {"speed_no_obs": 0.0001948293888262468, "speed_obs": 0.00018819024975362105, "robustness_obstacles": 1.0000000000000004, "robustness_moving_obstacles1": 0, "robustness_moving_obstacles2": 0.12000000000000001}, "seed4_crea00075": {"speed_no_obs": 7.476082048965554e-05, "speed_obs": 7.146745915877433e-05, "robustness_obstacles": 1.0000000000000004, "robustness_moving_obstacles1": 0.04, "robustness_moving_obstacles2": 0.08}, "seed4_crea00152": {"speed_no_obs": 0.0030494293712518845, "speed_obs": 0.0030429419412519487, "robustness_obstacles": 1.0000000000000004, "robustness_moving_obstacles1": 0.19999999999999998, "robustness_moving_obstacles2": 0.4200000000000001}, "seed4_crea00056": {"speed_no_obs": 0.004643264686207817, "speed_obs": 0.004635673700451066, "robustness_obstacles": 1.0000000000000004, "robustness_moving_obstacles1": 0.06, "robustness_moving_obstacles2": 0.06}, "seed4_crea00051": {"speed_no_obs": 0.00010114713259508246, "speed_obs": 9.788689560887443e-05, "robustness_obstacles": 1.0000000000000004, "robustness_moving_obstacles1": 0.02, "robustness_moving_obstacles2": 0.18}}