{"seed8_crea00146": {"speed_no_obs": 0.00040416399806919747, "speed_obs": 0.0003920159252402663, "robustness_obstacles": 1.0000000000000004, "robustness_moving_obstacles1": 0.02, "robustness_moving_obstacles2": 0.06}, "seed8_crea00108": {"speed_no_obs": 0.0014985659716220399, "speed_obs": 0.001639403909525159, "robustness_obstacles": 1.0000000000000004, "robustness_moving_obstacles1": 0.34, "robustness_moving_obstacles2": 0.4200000000000001}, "seed8_crea00129": {"speed_no_obs": 0.0008330485935360339, "speed_obs": 0.000872891269868037, "robustness_obstacles": 1.0000000000000004, "robustness_moving_obstacles1": 0.36000000000000004, "robustness_moving_obstacles2": 0.6400000000000002}, "seed8_crea00062": {"speed_no_obs": 0.0003476522071617154, "speed_obs": 0.00033828442641041284, "robustness_obstacles": 1.0000000000000004, "robustness_moving_obstacles1": 0.1, "robustness_moving_obstacles2": 0.18}, "seed8_crea00109": {"speed_no_obs": 0.00037011085667942916, "speed_obs": 0.0003537279039108973, "robustness_obstacles": 1.0000000000000004, "robustness_moving_obstacles1": 0.25999999999999995, "robustness_moving_obstacles2": 0.5400000000000001}, "seed8_crea00053": {"speed_no_obs": 0.0011724272229202074, "speed_obs": 0.0010943937009145089, "robustness_obstacles": 1.0000000000000004, "robustness_moving_obstacles1": 0.18, "robustness_moving_obstacles2": 0.16}, "seed8_crea00089": {"speed_no_obs": 0.002332474408404173, "speed_obs": 0.002307118146402897, "robustness_obstacles": 1.0000000000000004, "robustness_moving_obstacles1": 0.12000000000000001, "robustness_moving_obstacles2": 0.4000000000000001}}