{"seed7_crea00057": {"speed_no_obs": 0.06874489546472548, "speed_obs": 0.046632799955100196, "robustness_obstacles": 1.0000000000000004, "robustness_moving_obstacles1": 0.04, "robustness_moving_obstacles2": 0.06}, "seed7_crea00062": {"speed_no_obs": 0.010062622347648181, "speed_obs": 0.009815897226872584, "robustness_obstacles": 1.0000000000000004, "robustness_moving_obstacles1": 0.06, "robustness_moving_obstacles2": 0.1}, "seed7_crea00086": {"speed_no_obs": 0.0009514245753946997, "speed_obs": 0.000910978925776078, "robustness_obstacles": 1.0000000000000004, "robustness_moving_obstacles1": 0.1, "robustness_moving_obstacles2": 0.19999999999999998}, "seed7_crea00100": {"speed_no_obs": 0.01784954218897058, "speed_obs": 0.017623296206137406, "robustness_obstacles": 1.0000000000000004, "robustness_moving_obstacles1": 0.04, "robustness_moving_obstacles2": 0.06}, "seed7_crea00117": {"speed_no_obs": 0.2035797975171471, "speed_obs": 0.004076395657201494, "robustness_obstacles": 0.02, "robustness_moving_obstacles1": 0, "robustness_moving_obstacles2": 0}, "seed7_crea00093": {"speed_no_obs": 0.042463309772498146, "speed_obs": 0.04083964269505346, "robustness_obstacles": 0.9400000000000005, "robustness_moving_obstacles1": 0.06, "robustness_moving_obstacles2": 0.25999999999999995}, "seed7_crea00124": {"speed_no_obs": 0.0012623102983522093, "speed_obs": 0.001435835310392191, "robustness_obstacles": 1.0000000000000004, "robustness_moving_obstacles1": 0.06, "robustness_moving_obstacles2": 0.23999999999999996}, "seed7_crea00072": {"speed_no_obs": 0.00017929564533746993, "speed_obs": 0.00017482066593997584, "robustness_obstacles": 1.0000000000000004, "robustness_moving_obstacles1": 0.1, "robustness_moving_obstacles2": 0.1}}