{"seed0_crea00072": {"speed_no_obs": 0.000478698419180964, "speed_obs": 0.00045122888452433813, "robustness_obstacles": 1.0000000000000004, "robustness_moving_obstacles1": 0.19999999999999998, "robustness_moving_obstacles2": 0.4400000000000001}, "seed0_crea00114": {"speed_no_obs": 0.005245963960953502, "speed_obs": 0.004894045721292196, "robustness_obstacles": 1.0000000000000004, "robustness_moving_obstacles1": 0, "robustness_moving_obstacles2": 0.04}, "seed0_crea00104": {"speed_no_obs": 0.0003604156253906288, "speed_obs": 0.00034200838496806256, "robustness_obstacles": 1.0000000000000004, "robustness_moving_obstacles1": 0.12000000000000001, "robustness_moving_obstacles2": 0.3}, "seed0_crea00076": {"speed_no_obs": 0.00018095379580724413, "speed_obs": 0.00016023214154701102, "robustness_obstacles": 1.0000000000000004, "robustness_moving_obstacles1": 0.02, "robustness_moving_obstacles2": 0.16}, "seed0_crea00059": {"speed_no_obs": 0.00019764343437397457, "speed_obs": 0.00017813548785491497, "robustness_obstacles": 1.0000000000000004, "robustness_moving_obstacles1": 0.06, "robustness_moving_obstacles2": 0.19999999999999998}, "seed0_crea00083": {"speed_no_obs": 0.0002557250976627495, "speed_obs": 0.00024203473717924968, "robustness_obstacles": 1.0000000000000004, "robustness_moving_obstacles1": 0.5000000000000001, "robustness_moving_obstacles2": 0.5000000000000001}, "seed0_crea00148": {"speed_no_obs": 0.0008525887693002091, "speed_obs": 0.0008034046833322159, "robustness_obstacles": 1.0000000000000004, "robustness_moving_obstacles1": 0.32, "robustness_moving_obstacles2": 0.4000000000000001}, "seed0_crea00092": {"speed_no_obs": 0.00017077947442964257, "speed_obs": 0.00016391352193486592, "robustness_obstacles": 1.0000000000000004, "robustness_moving_obstacles1": 0.12000000000000001, "robustness_moving_obstacles2": 0.46000000000000013}, "seed0_crea00048": {"speed_no_obs": 0.000345433198710701, "speed_obs": 0.0003194238852923155, "robustness_obstacles": 1.0000000000000004, "robustness_moving_obstacles1": 0.18, "robustness_moving_obstacles2": 0.3}}