{"seed2_crea00148": {"speed_no_obs": 0.2713528584112725, "speed_obs": 0.25797264256909697, "robustness_obstacles": 0.9800000000000005, "robustness_moving_obstacles1": 0.18, "robustness_moving_obstacles2": 0.12000000000000001}, "seed2_crea00069": {"speed_no_obs": 0.05068956287789949, "speed_obs": 0.04629373590457468, "robustness_obstacles": 1.0000000000000004, "robustness_moving_obstacles1": 0.06, "robustness_moving_obstacles2": 0.25999999999999995}, "seed2_crea00063": {"speed_no_obs": 0.0916658115634841, "speed_obs": 0.07684192066682911, "robustness_obstacles": 1.0000000000000004, "robustness_moving_obstacles1": 0.12000000000000001, "robustness_moving_obstacles2": 0.32}, "seed2_crea00096": {"speed_no_obs": 0.0004358152625985079, "speed_obs": 0.0003669937248133675, "robustness_obstacles": 1.0000000000000004, "robustness_moving_obstacles1": 0.25999999999999995, "robustness_moving_obstacles2": 0.36000000000000004}, "seed2_crea00068": {"speed_no_obs": 5.890306956833141e-06, "speed_obs": 5.132683954685217e-06, "robustness_obstacles": 1.0000000000000004, "robustness_moving_obstacles1": 0.36000000000000004, "robustness_moving_obstacles2": 0.48000000000000015}, "seed2_crea00137": {"speed_no_obs": 0.004394462523101951, "speed_obs": 0.0038139802369540747, "robustness_obstacles": 1.0000000000000004, "robustness_moving_obstacles1": 0.5600000000000002, "robustness_moving_obstacles2": 0.5200000000000001}, "seed2_crea00155": {"speed_no_obs": 0.25658171228828697, "speed_obs": 0.015634022155229653, "robustness_obstacles": 0.06, "robustness_moving_obstacles1": 0.1, "robustness_moving_obstacles2": 0.21999999999999997}, "seed2_crea00056": {"speed_no_obs": 0.01719941263294445, "speed_obs": 0.014828474307326107, "robustness_obstacles": 1.0000000000000004, "robustness_moving_obstacles1": 0.38000000000000006, "robustness_moving_obstacles2": 0.46000000000000013}, "seed2_crea00055": {"speed_no_obs": 0.003191041624265862, "speed_obs": 0.002932129731301221, "robustness_obstacles": 1.0000000000000004, "robustness_moving_obstacles1": 0.7000000000000003, "robustness_moving_obstacles2": 0.6400000000000002}, "seed2_crea00146": {"speed_no_obs": 0.023914197694264335, "speed_obs": 0.016071581966952932, "robustness_obstacles": 1.0000000000000004, "robustness_moving_obstacles1": 0, "robustness_moving_obstacles2": 0.27999999999999997}, "seed2_crea00082": {"speed_no_obs": 6.256332340877855e-05, "speed_obs": 5.85047981876149e-05, "robustness_obstacles": 1.0000000000000004, "robustness_moving_obstacles1": 0.19999999999999998, "robustness_moving_obstacles2": 0.34}, "seed2_crea00047": {"speed_no_obs": 0.0026696155974308463, "speed_obs": 0.002126909785375389, "robustness_obstacles": 1.0000000000000004, "robustness_moving_obstacles1": 0.32, "robustness_moving_obstacles2": 0.36000000000000004}, "seed2_crea00143": {"speed_no_obs": 0.00033687304353285377, "speed_obs": 0.00030568703507825114, "robustness_obstacles": 1.0000000000000004, "robustness_moving_obstacles1": 0.21999999999999997, "robustness_moving_obstacles2": 0.23999999999999996}, "seed2_crea00050": {"speed_no_obs": 0.0013723963056951362, "speed_obs": 0.0013836481834467547, "robustness_obstacles": 1.0000000000000004, "robustness_moving_obstacles1": 0.6800000000000003, "robustness_moving_obstacles2": 0.4000000000000001}, "seed2_crea00086": {"speed_no_obs": 0.07076351230204075, "speed_obs": 0.06589233174088474, "robustness_obstacles": 1.0000000000000004, "robustness_moving_obstacles1": 0.5400000000000001, "robustness_moving_obstacles2": 0.32}, "seed2_crea00060": {"speed_no_obs": 0.20773952160689668, "speed_obs": 0.0021902201201119474, "robustness_obstacles": 0.02, "robustness_moving_obstacles1": 0.06, "robustness_moving_obstacles2": 0.06}, "seed2_crea00046": {"speed_no_obs": 0.0016594884963314013, "speed_obs": 0.0014032152468757347, "robustness_obstacles": 1.0000000000000004, "robustness_moving_obstacles1": 0.3, "robustness_moving_obstacles2": 0.27999999999999997}, "seed2_crea00077": {"speed_no_obs": 0.00033434603340173484, "speed_obs": 0.00032062437860399086, "robustness_obstacles": 1.0000000000000004, "robustness_moving_obstacles1": 0.32, "robustness_moving_obstacles2": 0.36000000000000004}, "seed2_crea00062": {"speed_no_obs": 0.0018215081548483992, "speed_obs": 0.001588538909097378, "robustness_obstacles": 1.0000000000000004, "robustness_moving_obstacles1": 0.06, "robustness_moving_obstacles2": 0.36000000000000004}, "seed2_crea00081": {"speed_no_obs": 0.26292120968521093, "speed_obs": 0.03955755875361584, "robustness_obstacles": 0.16, "robustness_moving_obstacles1": 0.08, "robustness_moving_obstacles2": 0.06}, "seed2_crea00053": {"speed_no_obs": 0.0012469946010838328, "speed_obs": 0.0011127328063612952, "robustness_obstacles": 1.0000000000000004, "robustness_moving_obstacles1": 0.18, "robustness_moving_obstacles2": 0.16}, "seed2_crea00157": {"speed_no_obs": 0.0010626321696575304, "speed_obs": 0.0008314855340106499, "robustness_obstacles": 1.0000000000000004, "robustness_moving_obstacles1": 0.21999999999999997, "robustness_moving_obstacles2": 0.23999999999999996}, "seed2_crea00107": {"speed_no_obs": 0.000539253290460741, "speed_obs": 0.00048705953683395666, "robustness_obstacles": 1.0000000000000004, "robustness_moving_obstacles1": 0.08, "robustness_moving_obstacles2": 0.25999999999999995}, "seed2_crea00057": {"speed_no_obs": 0.014351130746981295, "speed_obs": 0.013778954994962837, "robustness_obstacles": 1.0000000000000004, "robustness_moving_obstacles1": 0.27999999999999997, "robustness_moving_obstacles2": 0.32}, "seed2_crea00040": {"speed_no_obs": 0.19056868028646512, "speed_obs": 0.08760267098824287, "robustness_obstacles": 0.6400000000000002, "robustness_moving_obstacles1": 0, "robustness_moving_obstacles2": 0.02}, "seed2_crea00106": {"speed_no_obs": 0.38084567795308616, "speed_obs": 0.3608957928474254, "robustness_obstacles": 0.9800000000000005, "robustness_moving_obstacles1": 0.14, "robustness_moving_obstacles2": 0.12000000000000001}, "seed2_crea00072": {"speed_no_obs": 0.001780157168233786, "speed_obs": 0.0014803118318273195, "robustness_obstacles": 1.0000000000000004, "robustness_moving_obstacles1": 0.12000000000000001, "robustness_moving_obstacles2": 0.23999999999999996}, "seed2_crea00074": {"speed_no_obs": 0.0030219301445121955, "speed_obs": 0.0026760960557517957, "robustness_obstacles": 1.0000000000000004, "robustness_moving_obstacles1": 0.5400000000000001, "robustness_moving_obstacles2": 0.8800000000000004}, "seed2_crea00044": {"speed_no_obs": 0.00015392581274707235, "speed_obs": 0.00013216417039707185, "robustness_obstacles": 1.0000000000000004, "robustness_moving_obstacles1": 0.12000000000000001, "robustness_moving_obstacles2": 0.34}, "seed2_crea00058": {"speed_no_obs": 0.2537584223656094, "speed_obs": 0.02465700624251481, "robustness_obstacles": 0.14, "robustness_moving_obstacles1": 0, "robustness_moving_obstacles2": 0}, "seed2_crea00051": {"speed_no_obs": 0.0003516243901772361, "speed_obs": 0.0003521848249161346, "robustness_obstacles": 1.0000000000000004, "robustness_moving_obstacles1": 0.27999999999999997, "robustness_moving_obstacles2": 0.4000000000000001}}