{"seed9_crea00083": {"speed_no_obs": 0.00020173714016396364, "speed_obs": 0.0001967771451888088, "robustness_obstacles": 1.0000000000000004, "robustness_moving_obstacles1": 0.19999999999999998, "robustness_moving_obstacles2": 0.23999999999999996}, "seed9_crea00136": {"speed_no_obs": 0.014024490219260551, "speed_obs": 0.013990764794920197, "robustness_obstacles": 1.0000000000000004, "robustness_moving_obstacles1": 0.23999999999999996, "robustness_moving_obstacles2": 0.32}, "seed9_crea00080": {"speed_no_obs": 0.0002210675355633974, "speed_obs": 0.00021823472491266598, "robustness_obstacles": 1.0000000000000004, "robustness_moving_obstacles1": 0.1, "robustness_moving_obstacles2": 0.06}, "seed9_crea00127": {"speed_no_obs": 0.00037730716224415107, "speed_obs": 0.00036649263256301185, "robustness_obstacles": 1.0000000000000004, "robustness_moving_obstacles1": 0.08, "robustness_moving_obstacles2": 0.16}, "seed9_crea00067": {"speed_no_obs": 0.00021236141063581506, "speed_obs": 0.00021031127924816607, "robustness_obstacles": 1.0000000000000004, "robustness_moving_obstacles1": 0.04, "robustness_moving_obstacles2": 0.12000000000000001}, "seed9_crea00137": {"speed_no_obs": 0.0006413400209012611, "speed_obs": 0.0006368686287650115, "robustness_obstacles": 1.0000000000000004, "robustness_moving_obstacles1": 0.27999999999999997, "robustness_moving_obstacles2": 0.38000000000000006}, "seed9_crea00091": {"speed_no_obs": 0.00014286363381153496, "speed_obs": 0.00013813158399583113, "robustness_obstacles": 1.0000000000000004, "robustness_moving_obstacles1": 0.23999999999999996, "robustness_moving_obstacles2": 0.16}, "seed9_crea00081": {"speed_no_obs": 0.03427534033182403, "speed_obs": 0.03275997258588366, "robustness_obstacles": 1.0000000000000004, "robustness_moving_obstacles1": 0.1, "robustness_moving_obstacles2": 0.23999999999999996}, "seed9_crea00082": {"speed_no_obs": 0.1813671782433946, "speed_obs": 0.0937886821321852, "robustness_obstacles": 1.0000000000000004, "robustness_moving_obstacles1": 0.23999999999999996, "robustness_moving_obstacles2": 0.36000000000000004}, "seed9_crea00085": {"speed_no_obs": 0.0012117571201552893, "speed_obs": 0.0012111027166362715, "robustness_obstacles": 1.0000000000000004, "robustness_moving_obstacles1": 0.06, "robustness_moving_obstacles2": 0.08}, "seed9_crea00142": {"speed_no_obs": 0.008500487156865496, "speed_obs": 0.00869668782395318, "robustness_obstacles": 1.0000000000000004, "robustness_moving_obstacles1": 0.16, "robustness_moving_obstacles2": 0.27999999999999997}, "seed9_crea00115": {"speed_no_obs": 0.0003628594151053622, "speed_obs": 0.00035351794354014724, "robustness_obstacles": 1.0000000000000004, "robustness_moving_obstacles1": 0.32, "robustness_moving_obstacles2": 0.5200000000000001}, "seed9_crea00056": {"speed_no_obs": 0.0003341897191928779, "speed_obs": 0.0003304643208594657, "robustness_obstacles": 1.0000000000000004, "robustness_moving_obstacles1": 0.21999999999999997, "robustness_moving_obstacles2": 0.4000000000000001}, "seed9_crea00084": {"speed_no_obs": 0.0008885406301443968, "speed_obs": 0.0008808287795869085, "robustness_obstacles": 1.0000000000000004, "robustness_moving_obstacles1": 0.12000000000000001, "robustness_moving_obstacles2": 0.16}, "seed9_crea00048": {"speed_no_obs": 7.374028553481053e-05, "speed_obs": 6.979916757653013e-05, "robustness_obstacles": 1.0000000000000004, "robustness_moving_obstacles1": 0.06, "robustness_moving_obstacles2": 0.19999999999999998}, "seed9_crea00111": {"speed_no_obs": 0.2906076453565664, "speed_obs": 0.18252300772777447, "robustness_obstacles": 0.8800000000000004, "robustness_moving_obstacles1": 0, "robustness_moving_obstacles2": 0}, "seed9_crea00079": {"speed_no_obs": 0.2614199254330068, "speed_obs": 0.0602426680679496, "robustness_obstacles": 1.0000000000000004, "robustness_moving_obstacles1": 0.02, "robustness_moving_obstacles2": 0.02}, "seed9_crea00119": {"speed_no_obs": 0.21526709280209247, "speed_obs": 0.16129810927232635, "robustness_obstacles": 1.0000000000000004, "robustness_moving_obstacles1": 0.08, "robustness_moving_obstacles2": 0.12000000000000001}, "seed9_crea00040": {"speed_no_obs": 0.0009322854670437831, "speed_obs": 0.0009178568383085714, "robustness_obstacles": 1.0000000000000004, "robustness_moving_obstacles1": 0.12000000000000001, "robustness_moving_obstacles2": 0.18}, "seed9_crea00072": {"speed_no_obs": 0.00033275269067727483, "speed_obs": 0.00033104029130359664, "robustness_obstacles": 1.0000000000000004, "robustness_moving_obstacles1": 0.06, "robustness_moving_obstacles2": 0.12000000000000001}, "seed9_crea00037": {"speed_no_obs": 0.00015558316774075368, "speed_obs": 0.00015389656257711528, "robustness_obstacles": 1.0000000000000004, "robustness_moving_obstacles1": 0.23999999999999996, "robustness_moving_obstacles2": 0.5200000000000001}, "seed9_crea00063": {"speed_no_obs": 0.00021236141063581506, "speed_obs": 0.00021031127924816607, "robustness_obstacles": 1.0000000000000004, "robustness_moving_obstacles1": 0.18, "robustness_moving_obstacles2": 0.14}, "seed9_crea00138": {"speed_no_obs": 0.0021545046957500377, "speed_obs": 0.002081279323328671, "robustness_obstacles": 1.0000000000000004, "robustness_moving_obstacles1": 0.08, "robustness_moving_obstacles2": 0.21999999999999997}, "seed9_crea00100": {"speed_no_obs": 0.1829585709509401, "speed_obs": 0.14975376088716827, "robustness_obstacles": 0.8400000000000004, "robustness_moving_obstacles1": 0.04, "robustness_moving_obstacles2": 0.14}, "seed9_crea00144": {"speed_no_obs": 0.0003825704227483959, "speed_obs": 0.00037736110781888337, "robustness_obstacles": 1.0000000000000004, "robustness_moving_obstacles1": 0.1, "robustness_moving_obstacles2": 0.18}, "seed9_crea00071": {"speed_no_obs": 0.0007945055087126724, "speed_obs": 0.000779981668486193, "robustness_obstacles": 1.0000000000000004, "robustness_moving_obstacles1": 0.19999999999999998, "robustness_moving_obstacles2": 0.34}, "seed9_crea00076": {"speed_no_obs": 0.00019640857627156594, "speed_obs": 0.0001918312887280027, "robustness_obstacles": 1.0000000000000004, "robustness_moving_obstacles1": 0.14, "robustness_moving_obstacles2": 0.23999999999999996}, "seed9_crea00143": {"speed_no_obs": 0.29670662929283453, "speed_obs": 0.22698996474406383, "robustness_obstacles": 1.0000000000000004, "robustness_moving_obstacles1": 0.06, "robustness_moving_obstacles2": 0.06}, "seed9_crea00147": {"speed_no_obs": 0.0007221763771457411, "speed_obs": 0.0007185068890594138, "robustness_obstacles": 1.0000000000000004, "robustness_moving_obstacles1": 0.12000000000000001, "robustness_moving_obstacles2": 0.3}, "seed9_crea00145": {"speed_no_obs": 0.0001391678533163575, "speed_obs": 0.000136163548328975, "robustness_obstacles": 1.0000000000000004, "robustness_moving_obstacles1": 0.08, "robustness_moving_obstacles2": 0.16}, "seed9_crea00157": {"speed_no_obs": 0.11259575521621945, "speed_obs": 0.005268623498073201, "robustness_obstacles": 0.06, "robustness_moving_obstacles1": 0.02, "robustness_moving_obstacles2": 0}, "seed9_crea00095": {"speed_no_obs": 0.0013283078540579263, "speed_obs": 0.0009617451280109101, "robustness_obstacles": 1.0000000000000004, "robustness_moving_obstacles1": 0.02, "robustness_moving_obstacles2": 0.08}, "seed9_crea00102": {"speed_no_obs": 0.007722430039928878, "speed_obs": 0.0077588104114570365, "robustness_obstacles": 1.0000000000000004, "robustness_moving_obstacles1": 0.19999999999999998, "robustness_moving_obstacles2": 0.34}, "seed9_crea00139": {"speed_no_obs": 0.0004981125493545555, "speed_obs": 0.0004960692222915359, "robustness_obstacles": 1.0000000000000004, "robustness_moving_obstacles1": 0.08, "robustness_moving_obstacles2": 0.23999999999999996}, "seed9_crea00129": {"speed_no_obs": 0.0002550952453826416, "speed_obs": 0.00025341124960524044, "robustness_obstacles": 1.0000000000000004, "robustness_moving_obstacles1": 0.06, "robustness_moving_obstacles2": 0.23999999999999996}}