{"seed3_crea00064": {"speed_no_obs": 0.0117736404873261, "speed_obs": 0.011723543424017158, "robustness_obstacles": 1.0000000000000004, "robustness_moving_obstacles1": 0.02, "robustness_moving_obstacles2": 0.06}, "seed3_crea00080": {"speed_no_obs": 0.046127894690303636, "speed_obs": 0.04556995260342624, "robustness_obstacles": 1.0000000000000004, "robustness_moving_obstacles1": 0.02, "robustness_moving_obstacles2": 0.02}, "seed3_crea00103": {"speed_no_obs": 0.010376852414796394, "speed_obs": 0.009539699988378916, "robustness_obstacles": 1.0000000000000004, "robustness_moving_obstacles1": 0.06, "robustness_moving_obstacles2": 0.16}, "seed3_crea00089": {"speed_no_obs": 0.0005119121085532309, "speed_obs": 0.0004826927402236994, "robustness_obstacles": 1.0000000000000004, "robustness_moving_obstacles1": 0.02, "robustness_moving_obstacles2": 0.19999999999999998}, "seed3_crea00078": {"speed_no_obs": 0.009545094246216834, "speed_obs": 0.009529952155973437, "robustness_obstacles": 1.0000000000000004, "robustness_moving_obstacles1": 0.12000000000000001, "robustness_moving_obstacles2": 0.25999999999999995}, "seed3_crea00059": {"speed_no_obs": 0.01786012135762269, "speed_obs": 0.017839250559059727, "robustness_obstacles": 1.0000000000000004, "robustness_moving_obstacles1": 0.1, "robustness_moving_obstacles2": 0.23999999999999996}, "seed3_crea00114": {"speed_no_obs": 0.2144191608821689, "speed_obs": 0.027104819251671523, "robustness_obstacles": 0.14, "robustness_moving_obstacles1": 0, "robustness_moving_obstacles2": 0}, "seed3_crea00151": {"speed_no_obs": 0.05362115951576481, "speed_obs": 0.047253492673234886, "robustness_obstacles": 0.9800000000000005, "robustness_moving_obstacles1": 0.12000000000000001, "robustness_moving_obstacles2": 0.14}, "seed3_crea00074": {"speed_no_obs": 0.003055447170068202, "speed_obs": 0.0029968332297206682, "robustness_obstacles": 1.0000000000000004, "robustness_moving_obstacles1": 0.06, "robustness_moving_obstacles2": 0.19999999999999998}, "seed3_crea00154": {"speed_no_obs": 0.20498565251622583, "speed_obs": 0.04713446349912308, "robustness_obstacles": 0.27999999999999997, "robustness_moving_obstacles1": 0, "robustness_moving_obstacles2": 0}, "seed3_crea00133": {"speed_no_obs": 0.09810306987923968, "speed_obs": 0.05294658948891907, "robustness_obstacles": 1.0000000000000004, "robustness_moving_obstacles1": 0, "robustness_moving_obstacles2": 0.02}, "seed3_crea00063": {"speed_no_obs": 0.0021873208106617022, "speed_obs": 0.0020503579634724035, "robustness_obstacles": 1.0000000000000004, "robustness_moving_obstacles1": 0.12000000000000001, "robustness_moving_obstacles2": 0.16}, "seed3_crea00125": {"speed_no_obs": 0.20554725098158166, "speed_obs": 0.029086552648165308, "robustness_obstacles": 0.21999999999999997, "robustness_moving_obstacles1": 0, "robustness_moving_obstacles2": 0}, "seed3_crea00122": {"speed_no_obs": 0.0023930053640207048, "speed_obs": 0.0020971530875409715, "robustness_obstacles": 1.0000000000000004, "robustness_moving_obstacles1": 0.04, "robustness_moving_obstacles2": 0.08}, "seed3_crea00104": {"speed_no_obs": 7.482303659021182e-05, "speed_obs": 7.251470577808013e-05, "robustness_obstacles": 1.0000000000000004, "robustness_moving_obstacles1": 0.04, "robustness_moving_obstacles2": 0.16}, "seed3_crea00157": {"speed_no_obs": 0.00800617968933541, "speed_obs": 0.005866821634690786, "robustness_obstacles": 1.0000000000000004, "robustness_moving_obstacles1": 0.06, "robustness_moving_obstacles2": 0.14}, "seed3_crea00048": {"speed_no_obs": 0.00036553187061757434, "speed_obs": 0.0003603950988597702, "robustness_obstacles": 1.0000000000000004, "robustness_moving_obstacles1": 0, "robustness_moving_obstacles2": 0.16}, "seed3_crea00106": {"speed_no_obs": 0.15947769223113026, "speed_obs": 0.15559626626050851, "robustness_obstacles": 0.9800000000000005, "robustness_moving_obstacles1": 0, "robustness_moving_obstacles2": 0.02}, "seed3_crea00159": {"speed_no_obs": 0.014530839521683894, "speed_obs": 0.011879795573910558, "robustness_obstacles": 0.9800000000000005, "robustness_moving_obstacles1": 0, "robustness_moving_obstacles2": 0.02}, "seed3_crea00145": {"speed_no_obs": 0.1799764153393014, "speed_obs": 0.029067254698232133, "robustness_obstacles": 0.16, "robustness_moving_obstacles1": 0, "robustness_moving_obstacles2": 0}, "seed3_crea00112": {"speed_no_obs": 0.002234519383717411, "speed_obs": 0.0019857603195566524, "robustness_obstacles": 1.0000000000000004, "robustness_moving_obstacles1": 0, "robustness_moving_obstacles2": 0.06}, "seed3_crea00050": {"speed_no_obs": 4.3382619170464546e-05, "speed_obs": 4.116775896392119e-05, "robustness_obstacles": 1.0000000000000004, "robustness_moving_obstacles1": 0.04, "robustness_moving_obstacles2": 0.19999999999999998}, "seed3_crea00073": {"speed_no_obs": 0.0003408473802005164, "speed_obs": 0.0003116526321238656, "robustness_obstacles": 1.0000000000000004, "robustness_moving_obstacles1": 0.14, "robustness_moving_obstacles2": 0.21999999999999997}, "seed3_crea00101": {"speed_no_obs": 0.0025758906310349595, "speed_obs": 0.002242248991341994, "robustness_obstacles": 1.0000000000000004, "robustness_moving_obstacles1": 0.02, "robustness_moving_obstacles2": 0.12000000000000001}, "seed3_crea00136": {"speed_no_obs": 0.03269729760896862, "speed_obs": 0.030106481243706806, "robustness_obstacles": 1.0000000000000004, "robustness_moving_obstacles1": 0.06, "robustness_moving_obstacles2": 0.23999999999999996}, "seed3_crea00094": {"speed_no_obs": 0.009513236298958526, "speed_obs": 0.009065405787988727, "robustness_obstacles": 1.0000000000000004, "robustness_moving_obstacles1": 0.21999999999999997, "robustness_moving_obstacles2": 0.46000000000000013}, "seed3_crea00009": {"speed_no_obs": 3.599690222321702e-05, "speed_obs": 3.504891549293604e-05, "robustness_obstacles": 1.0000000000000004, "robustness_moving_obstacles1": 0.06, "robustness_moving_obstacles2": 0.23999999999999996}, "seed3_crea00139": {"speed_no_obs": 0.00046665109959413963, "speed_obs": 0.0004366145580719279, "robustness_obstacles": 1.0000000000000004, "robustness_moving_obstacles1": 0.06, "robustness_moving_obstacles2": 0.1}, "seed3_crea00062": {"speed_no_obs": 0.0003180770142373399, "speed_obs": 0.000299519090383806, "robustness_obstacles": 1.0000000000000004, "robustness_moving_obstacles1": 0.06, "robustness_moving_obstacles2": 0.16}, "seed3_crea00069": {"speed_no_obs": 0.0021584534630936483, "speed_obs": 0.0020938291386197387, "robustness_obstacles": 1.0000000000000004, "robustness_moving_obstacles1": 0.12000000000000001, "robustness_moving_obstacles2": 0.25999999999999995}, "seed3_crea00155": {"speed_no_obs": 0.5048756936511948, "speed_obs": 0.2226253822958876, "robustness_obstacles": 0.9400000000000005, "robustness_moving_obstacles1": 0, "robustness_moving_obstacles2": 0}}