{"seed1_crea00116": {"speed_no_obs": 0.00028600639189689514, "speed_obs": 0.000281062614649558, "robustness_obstacles": 1.0000000000000004, "robustness_moving_obstacles1": 0.16, "robustness_moving_obstacles2": 0.21999999999999997}, "seed1_crea00129": {"speed_no_obs": 0.0005347404693539169, "speed_obs": 0.0005192146406006675, "robustness_obstacles": 1.0000000000000004, "robustness_moving_obstacles1": 0.16, "robustness_moving_obstacles2": 0.21999999999999997}, "seed1_crea00108": {"speed_no_obs": 0.0001010005167840219, "speed_obs": 9.728753918964983e-05, "robustness_obstacles": 1.0000000000000004, "robustness_moving_obstacles1": 0.12000000000000001, "robustness_moving_obstacles2": 0.25999999999999995}, "seed1_crea00140": {"speed_no_obs": 0.0034868266105753426, "speed_obs": 0.003479959674056454, "robustness_obstacles": 1.0000000000000004, "robustness_moving_obstacles1": 0.1, "robustness_moving_obstacles2": 0.25999999999999995}, "seed1_crea00055": {"speed_no_obs": 0.04234706068988258, "speed_obs": 0.059350632839733734, "robustness_obstacles": 0.4000000000000001, "robustness_moving_obstacles1": 0, "robustness_moving_obstacles2": 0.02}, "seed1_crea00098": {"speed_no_obs": 0.00040347260585579716, "speed_obs": 0.00039451448557861497, "robustness_obstacles": 1.0000000000000004, "robustness_moving_obstacles1": 0.16, "robustness_moving_obstacles2": 0.18}, "seed1_crea00061": {"speed_no_obs": 0.001037680116331358, "speed_obs": 0.0010282218773986131, "robustness_obstacles": 1.0000000000000004, "robustness_moving_obstacles1": 0.02, "robustness_moving_obstacles2": 0.12000000000000001}, "seed1_crea00068": {"speed_no_obs": 0.031787472007221915, "speed_obs": 0.03179124224618781, "robustness_obstacles": 1.0000000000000004, "robustness_moving_obstacles1": 0.04, "robustness_moving_obstacles2": 0.14}, "seed1_crea00101": {"speed_no_obs": 0.04850989209225162, "speed_obs": 0.04317084047190446, "robustness_obstacles": 1.0000000000000004, "robustness_moving_obstacles1": 0, "robustness_moving_obstacles2": 0.04}, "seed1_crea00086": {"speed_no_obs": 0.02928454605722991, "speed_obs": 0.029106457324435564, "robustness_obstacles": 1.0000000000000004, "robustness_moving_obstacles1": 0, "robustness_moving_obstacles2": 0.06}, "seed1_crea00082": {"speed_no_obs": 7.438063651297865e-05, "speed_obs": 7.43099546114053e-05, "robustness_obstacles": 1.0000000000000004, "robustness_moving_obstacles1": 0.12000000000000001, "robustness_moving_obstacles2": 0.25999999999999995}, "seed1_crea00054": {"speed_no_obs": 0.02262634610560798, "speed_obs": 0.021792290734454784, "robustness_obstacles": 0.9600000000000005, "robustness_moving_obstacles1": 0, "robustness_moving_obstacles2": 0}, "seed1_crea00089": {"speed_no_obs": 0.027605080090897974, "speed_obs": 0.028414015076832843, "robustness_obstacles": 1.0000000000000004, "robustness_moving_obstacles1": 0.23999999999999996, "robustness_moving_obstacles2": 0.27999999999999997}, "seed1_crea00093": {"speed_no_obs": 0.000369311562952272, "speed_obs": 0.0003633275507289302, "robustness_obstacles": 1.0000000000000004, "robustness_moving_obstacles1": 0.12000000000000001, "robustness_moving_obstacles2": 0.08}, "seed1_crea00142": {"speed_no_obs": 8.414363034898159e-05, "speed_obs": 8.101014932464072e-05, "robustness_obstacles": 1.0000000000000004, "robustness_moving_obstacles1": 0.08, "robustness_moving_obstacles2": 0.12000000000000001}, "seed1_crea00085": {"speed_no_obs": 0.0007611375994336986, "speed_obs": 0.0005599244509677457, "robustness_obstacles": 1.0000000000000004, "robustness_moving_obstacles1": 0.02, "robustness_moving_obstacles2": 0.18}, "seed1_crea00123": {"speed_no_obs": 0.00034761437249647, "speed_obs": 0.0003427839437120314, "robustness_obstacles": 1.0000000000000004, "robustness_moving_obstacles1": 0.02, "robustness_moving_obstacles2": 0.21999999999999997}, "seed1_crea00063": {"speed_no_obs": 0.00018453825625753758, "speed_obs": 0.0001836620008156713, "robustness_obstacles": 1.0000000000000004, "robustness_moving_obstacles1": 0.21999999999999997, "robustness_moving_obstacles2": 0.36000000000000004}, "seed1_crea00065": {"speed_no_obs": 0.0003630692259717317, "speed_obs": 0.0003585794508034491, "robustness_obstacles": 1.0000000000000004, "robustness_moving_obstacles1": 0.06, "robustness_moving_obstacles2": 0.23999999999999996}, "seed1_crea00147": {"speed_no_obs": 0.025845771995033805, "speed_obs": 0.025905958811917686, "robustness_obstacles": 1.0000000000000004, "robustness_moving_obstacles1": 0.08, "robustness_moving_obstacles2": 0.16}, "seed1_crea00127": {"speed_no_obs": 0.00041367061569606617, "speed_obs": 0.0004043476893017558, "robustness_obstacles": 1.0000000000000004, "robustness_moving_obstacles1": 0.04, "robustness_moving_obstacles2": 0.08}, "seed1_crea00077": {"speed_no_obs": 0.0007191771294844974, "speed_obs": 0.0007111299906621385, "robustness_obstacles": 1.0000000000000004, "robustness_moving_obstacles1": 0.14, "robustness_moving_obstacles2": 0.27999999999999997}, "seed1_crea00087": {"speed_no_obs": 0.01388316420786446, "speed_obs": 0.013769782101152763, "robustness_obstacles": 1.0000000000000004, "robustness_moving_obstacles1": 0, "robustness_moving_obstacles2": 0.08}, "seed1_crea00145": {"speed_no_obs": 0.016105342074489035, "speed_obs": 0.015207464131677258, "robustness_obstacles": 1.0000000000000004, "robustness_moving_obstacles1": 0.06, "robustness_moving_obstacles2": 0.25999999999999995}, "seed1_crea00137": {"speed_no_obs": 0.00010148454835158212, "speed_obs": 9.865225932876294e-05, "robustness_obstacles": 1.0000000000000004, "robustness_moving_obstacles1": 0.08, "robustness_moving_obstacles2": 0.08}, "seed1_crea00069": {"speed_no_obs": 9.434520356310247e-05, "speed_obs": 9.210874681417053e-05, "robustness_obstacles": 1.0000000000000004, "robustness_moving_obstacles1": 0.27999999999999997, "robustness_moving_obstacles2": 0.21999999999999997}, "seed1_crea00130": {"speed_no_obs": 0.09329012508767712, "speed_obs": 0.061069214892684874, "robustness_obstacles": 1.0000000000000004, "robustness_moving_obstacles1": 0.04, "robustness_moving_obstacles2": 0.27999999999999997}, "seed1_crea00091": {"speed_no_obs": 7.126406643124558e-05, "speed_obs": 6.898770831195723e-05, "robustness_obstacles": 1.0000000000000004, "robustness_moving_obstacles1": 0.25999999999999995, "robustness_moving_obstacles2": 0.38000000000000006}, "seed1_crea00158": {"speed_no_obs": 0.00011449790650985133, "speed_obs": 0.00011479148448567587, "robustness_obstacles": 1.0000000000000004, "robustness_moving_obstacles1": 0.08, "robustness_moving_obstacles2": 0.12000000000000001}, "seed1_crea00121": {"speed_no_obs": 4.411426563139894e-05, "speed_obs": 4.121038543851033e-05, "robustness_obstacles": 1.0000000000000004, "robustness_moving_obstacles1": 0.14, "robustness_moving_obstacles2": 0.23999999999999996}, "seed1_crea00153": {"speed_no_obs": 5.397570888977043e-05, "speed_obs": 4.965028075309354e-05, "robustness_obstacles": 1.0000000000000004, "robustness_moving_obstacles1": 0.06, "robustness_moving_obstacles2": 0.4000000000000001}, "seed1_crea00132": {"speed_no_obs": 0.00031947046433375485, "speed_obs": 0.0003084283749712213, "robustness_obstacles": 1.0000000000000004, "robustness_moving_obstacles1": 0.02, "robustness_moving_obstacles2": 0.06}, "seed1_crea00110": {"speed_no_obs": 0.00023892173398505016, "speed_obs": 0.0002099076505905758, "robustness_obstacles": 1.0000000000000004, "robustness_moving_obstacles1": 0.02, "robustness_moving_obstacles2": 0.1}, "seed1_crea00040": {"speed_no_obs": 0.0004928408825615587, "speed_obs": 0.0004895529037349773, "robustness_obstacles": 1.0000000000000004, "robustness_moving_obstacles1": 0.4000000000000001, "robustness_moving_obstacles2": 0.18}, "seed1_crea00143": {"speed_no_obs": 0.0018483187515055091, "speed_obs": 0.0018198694770725512, "robustness_obstacles": 1.0000000000000004, "robustness_moving_obstacles1": 0.18, "robustness_moving_obstacles2": 0.3}, "seed1_crea00092": {"speed_no_obs": 0.00011762543756771976,