{"seed5_crea00147": {"speed_no_obs": 9.478699442770901e-05, "speed_obs": 9.370680495042835e-05, "robustness_obstacles": 1.0000000000000004, "robustness_moving_obstacles1": 0.12000000000000001, "robustness_moving_obstacles2": 0.19999999999999998}, "seed5_crea00100": {"speed_no_obs": 0.009995621952633768, "speed_obs": 0.010011797196876695, "robustness_obstacles": 1.0000000000000004, "robustness_moving_obstacles1": 0.06, "robustness_moving_obstacles2": 0.19999999999999998}, "seed5_crea00150": {"speed_no_obs": 0.004622681243935117, "speed_obs": 0.004728257092978588, "robustness_obstacles": 1.0000000000000004, "robustness_moving_obstacles1": 0.16, "robustness_moving_obstacles2": 0.36000000000000004}, "seed5_crea00154": {"speed_no_obs": 0.00024246571317194097, "speed_obs": 0.0002216026842746264, "robustness_obstacles": 1.0000000000000004, "robustness_moving_obstacles1": 0.18, "robustness_moving_obstacles2": 0.08}, "seed5_crea00155": {"speed_no_obs": 0.003780730362922669, "speed_obs": 0.003797234202701414, "robustness_obstacles": 1.0000000000000004, "robustness_moving_obstacles1": 0.04, "robustness_moving_obstacles2": 0.19999999999999998}, "seed5_crea00106": {"speed_no_obs": 0.0008675673647288119, "speed_obs": 0.0008617970948408996, "robustness_obstacles": 1.0000000000000004, "robustness_moving_obstacles1": 0.23999999999999996, "robustness_moving_obstacles2": 0.4200000000000001}, "seed5_crea00140": {"speed_no_obs": 0.011328463139301881, "speed_obs": 0.011358805379785878, "robustness_obstacles": 1.0000000000000004, "robustness_moving_obstacles1": 0.14, "robustness_moving_obstacles2": 0.12000000000000001}, "seed5_crea00136": {"speed_no_obs": 0.012037136897877797, "speed_obs": 0.013137440670162617, "robustness_obstacles": 1.0000000000000004, "robustness_moving_obstacles1": 0.21999999999999997, "robustness_moving_obstacles2": 0.18}, "seed5_crea00086": {"speed_no_obs": 5.4991502269659263e-05, "speed_obs": 5.242880565255936e-05, "robustness_obstacles": 1.0000000000000004, "robustness_moving_obstacles1": 0.7800000000000004, "robustness_moving_obstacles2": 0.7600000000000003}, "seed5_crea00059": {"speed_no_obs": 0.0006675405859353391, "speed_obs": 0.0006488367388551676, "robustness_obstacles": 1.0000000000000004, "robustness_moving_obstacles1": 0.08, "robustness_moving_obstacles2": 0.19999999999999998}, "seed5_crea00072": {"speed_no_obs": 0.0048583328337478944, "speed_obs": 0.004856054554673623, "robustness_obstacles": 1.0000000000000004, "robustness_moving_obstacles1": 0.08, "robustness_moving_obstacles2": 0.19999999999999998}, "seed5_crea00048": {"speed_no_obs": 0.0013616488851660208, "speed_obs": 0.0013098715060068428, "robustness_obstacles": 1.0000000000000004, "robustness_moving_obstacles1": 0, "robustness_moving_obstacles2": 0.02}, "seed5_crea00096": {"speed_no_obs": 0.00013995071865128403, "speed_obs": 0.00013833675496302287, "robustness_obstacles": 1.0000000000000004, "robustness_moving_obstacles1": 0.12000000000000001, "robustness_moving_obstacles2": 0.32}, "seed5_crea00095": {"speed_no_obs": 0.002439011761426599, "speed_obs": 0.002403721347964183, "robustness_obstacles": 1.0000000000000004, "robustness_moving_obstacles1": 0.02, "robustness_moving_obstacles2": 0.06}, "seed5_crea00159": {"speed_no_obs": 0.0002481698488930564, "speed_obs": 0.00024582426380225414, "robustness_obstacles": 1.0000000000000004, "robustness_moving_obstacles1": 0.27999999999999997, "robustness_moving_obstacles2": 0.4000000000000001}, "seed5_crea00075": {"speed_no_obs": 0.0026355295778440245, "speed_obs": 0.002621430275332613, "robustness_obstacles": 1.0000000000000004, "robustness_moving_obstacles1": 0.02, "robustness_moving_obstacles2": 0.18}, "seed5_crea00080": {"speed_no_obs": 0.0054086366889052, "speed_obs": 0.00539915714950548, "robustness_obstacles": 1.0000000000000004, "robustness_moving_obstacles1": 0.02, "robustness_moving_obstacles2": 0.04}, "seed5_crea00157": {"speed_no_obs": 0.011328463139301881, "speed_obs": 0.011379406020796727, "robustness_obstacles": 1.0000000000000004, "robustness_moving_obstacles1": 0.16, "robustness_moving_obstacles2": 0.14}, "seed5_crea00083": {"speed_no_obs": 0.006822609730486548, "speed_obs": 0.006824924497556354, "robustness_obstacles": 1.0000000000000004, "robustness_moving_obstacles1": 0.04, "robustness_moving_obstacles2": 0.18}, "seed5_crea00145": {"speed_no_obs": 0.002986576811539292, "speed_obs": 0.0034789518460931483, "robustness_obstacles": 1.0000000000000004, "robustness_moving_obstacles1": 0.18, "robustness_moving_obstacles2": 0.21999999999999997}, "seed5_crea00113": {"speed_no_obs": 0.0006801202162696734, "speed_obs": 0.0007001640102146598, "robustness_obstacles": 1.0000000000000004, "robustness_moving_obstacles1": 0.02, "robustness_moving_obstacles2": 0.19999999999999998}, "seed5_crea00146": {"speed_no_obs": 0.006900163854025556, "speed_obs": 0.006874641375876754, "robustness_obstacles": 1.0000000000000004, "robustness_moving_obstacles1": 0.04, "robustness_moving_obstacles2": 0.14}, "seed5_crea00101": {"speed_no_obs": 0.0008525058416432778, "speed_obs": 0.000997558055421565, "robustness_obstacles": 1.0000000000000004, "robustness_moving_obstacles1": 0.12000000000000001, "robustness_moving_obstacles2": 0.19999999999999998}, "seed5_crea00103": {"speed_no_obs": 0.0001185823512048763, "speed_obs": 0.00011467268724380303, "robustness_obstacles": 1.0000000000000004, "robustness_moving_obstacles1": 0.25999999999999995, "robustness_moving_obstacles2": 0.32}}